ticker,exchange,industry,companyType,noShareholders,foreignPercent,outstandingShare,issueShare,establishedYear,noEmployees,stockRating,deltaInWeek,deltaInMonth,deltaInYear,shortName,industryEn,industryID,industryIDv2,website,datime
GVT,UPCOM,Tài nguyên Cơ bản,CT,574,0.0,11.6,11.6,2008.0,461,2.7,-0.087,-0.069,-0.321,Giấy Việt Trì,Basic Resources,156,1737,http://www.giayviettri.com,2312091655
GVR,HOSE,Hóa chất,CT,0,0.003,4000.0,4000.0,2010.0,224,2.7,-0.025,0.065,0.378,Tập đoàn CN Cao su VN,Chemicals,150,1353,https://vnrubbergroup.com,2312091655
GTS,UPCOM,Xây dựng và Vật liệu,CT,638,0.002,28.5,28.5,2010.0,490,2.7,-0.02,-0.041,-0.005,Công trình Giao thông Sài Gòn,Construction & Materials,181,2357,http://www.giaothongsaigon.com.vn,2312091655
GTT,UPCOM,Du lịch và Giải trí,CT,1849,0.001,43.5,43.5,1985.0,5,,-0.27,-0.441,-0.652,Thuận Thảo Group,Travel & Leisure,260,5755,http://www.thuanthao.com.vn,2312091655
H11,UPCOM,Xây dựng và Vật liệu,CT,183,0.002,1.1,1.1,2007.0,37,,-0.048,-0.143,0.193,Xây dựng HUD101,Construction & Materials,181,2357,http://www.hud101.vn,2312091655
HAC,UPCOM,Dịch vụ tài chính,CK,0,0.006,29.2,29.2,2015.0,45,2.1,0.091,-0.041,0.618,Chứng khoán Hải Phòng,Financial Services,300,8777,https://haseco.vn,2312091655
HAD,HNX,Thực phẩm và đồ uống,CT,688,0.128,4.0,4.0,2003.0,153,,-0.02,0.018,0.21,Bia Hà Nội - Hải Dương,Food & Beverage,214,3533,http://habecohd.com.vn,2312091655
HAF,UPCOM,Thực phẩm và đồ uống,CT,0,0.0,14.5,14.5,2005.0,63,2.8,0.036,0.028,-0.125,Thực phẩm Hà Nội,Food & Beverage,218,3577,http://thucphamhanoi.com.vn,2312091655
HAH,HOSE,Hàng & Dịch vụ Công nghiệp,CT,13111,0.039,105.5,105.5,2009.0,577,3.4,-0.024,0.093,0.536,Vận tải và Xếp dỡ Hải An,Industrial Goods & Services,193,2777,https://haiants.vn,2312091655
HAG,HOSE,Thực phẩm và đồ uống,CT,54114,0.029,927.4,927.5,2006.0,2084,2.6,0.009,0.409,0.243,Hoàng Anh Gia Lai,Food & Beverage,217,3573,http://www.hagl.com.vn,2312091655
HAM,UPCOM,Xây dựng và Vật liệu,CT,229,0.0,9.6,9.3,2003.0,719,,-0.02,-0.017,0.496,Vật tư Hậu Giang,Construction & Materials,180,2353,http://hamaco.vn,2312091655
HAN,UPCOM,Xây dựng và Vật liệu,CT,388,0.0,141.0,141.0,1996.0,193,2.2,-0.02,-0.021,0.378,Xây dựng Hà Nội,Construction & Materials,181,2357,https://www.hancorp.vn,2312091655
HAI,UPCOM,Hóa chất,CT,8365,0.012,182.7,182.7,2005.0,140,2.2,-0.02,-0.041,-0.131,Nông Dược HAI,Chemicals,151,1357,http://www.congtyhai.com,2312091655
HAP,HOSE,Tài nguyên Cơ bản,CT,8771,0.023,110.9,111.1,1999.0,680,2.7,-0.012,-0.021,0.04,Tập đoàn Hapaco,Basic Resources,156,1737,https://hapaco.vn,2312091655
HAR,HOSE,Bất động sản,CT,9423,0.001,95.7,101.4,2007.0,7,2.5,0.069,0.069,0.042,BĐS An Dương Thảo Điền,Real Estate,336,8633,http://www.adtdgroup.com,2312091655
HAS,HOSE,Xây dựng và Vật liệu,CT,1529,0.156,7.8,8.0,2001.0,89,2.4,0.108,0.068,-0.111,Hacisco,Construction & Materials,181,2357,https://has.vn,2312091655
HAX,HOSE,Ô tô và phụ tùng,CT,6546,0.151,93.4,93.4,2000.0,914,2.5,0.02,-0.008,0.005,Ô tô Hàng Xanh,Automobiles & Parts,211,3353,http://www.haxaco.com.vn,2312091655
HAT,HNX,Thực phẩm và đồ uống,CT,0,0.034,3.1,3.1,2006.0,87,,-0.042,0.121,0.854,TM Bia Hà Nội,Food & Beverage,214,3533,http://www.biahoihanoi.com.vn,2312091655
HBC,HOSE,Xây dựng và Vật liệu,CT,19799,0.144,274.1,274.1,2000.0,5040,2.1,-0.006,0.086,-0.242,Tập đoàn Xây dựng Hòa Bình,Construction & Materials,181,2357,https://hbcg.vn,2312091655
HBD,UPCOM,Hàng & Dịch vụ Công nghiệp,CT,262,0.005,1.9,2.0,2002.0,7,2.6,-0.02,0.254,0.136,Bao bì PP Bình Dương,Industrial Goods & Services,184,2723,http://www.haipacbd.com,2312091655
HAV,UPCOM,Thực phẩm và đồ uống,CT,232,0.0,3.3,3.3,2007.0,5,,-0.085,-0.188,-0.08,Rượu Hapro,Food & Beverage,215,3535,http://www.haprovodka.vn,2312091655
HBH,UPCOM,Thực phẩm và đồ uống,CT,187,0.021,16.0,16.0,2007.0,76,,-0.02,0.12,-0.165,HABECO Hải Phòng,Food & Beverage,214,3533,https://habecohaiphong.com.vn,2312091655
HBS,HNX,Dịch vụ tài chính,CK,0,0.001,33.0,33.0,2008.0,32,2.6,-0.008,0.098,0.467,Chứng khoán Hòa Bình,Financial Services,300,8777,http://www.hbse.com.vn,2312091655
HC3,UPCOM,Xây dựng và Vật liệu,CT,333,0.004,20.7,20.7,2002.0,112,2.5,-0.02,0.163,-0.004,Xây dựng số 3 Hải Phòng,Construction & Materials,181,2357,http://haco3.com.vn,2312091655
HC1,UPCOM,Xây dựng và Vật liệu,CT,208,0.0,8.0,8.0,2013.0,240,,-0.231,-0.252,-0.554,Xây dựng số 1 Hà Nội,Construction & Materials,181,2357,http://hacc1.com.vn,2312091655
HCC,HNX,Xây dựng và Vật liệu,CT,520,0.123,6.5,6.5,2001.0,181,,0.0,0.011,0.165,Bê tông Hòa Cầm,Construction & Materials,180,2353,http://www.betonghoacam.com.vn,2312091655
HCB,UPCOM,Hàng cá nhân & Gia dụng,CT,381,0.0,5.2,5.2,2007.0,3408,,-0.02,-0.041,0.242,Dệt may 29/3,Personal & Household Goods,226,3763,http://www.hachiba.com.vn,2312091655
HCD,HOSE,Hóa chất,CT,1050,0.005,37.0,37.0,2011.0,19,,0.04,0.049,0.526,SX và Thương mại HCD,Chemicals,150,1353,http://www.hcdgroup.com.vn,2312091655
HCI,UPCOM,Xây dựng và Vật liệu,CT,0,0.0,5.2,5.2,2006.0,68,,-0.02,-0.041,-0.697,Đầu tư - XD Hà Nội,Construction & Materials,181,2357,http://www.hancic.com.vn,2312091655
HCM,HOSE,Dịch vụ tài chính,CK,29835,0.419,457.2,458.1,2003.0,658,2.9,0.031,0.109,0.445,Chứng khoán HSC,Financial Services,300,8777,https://www.hsc.com.vn,2312091655
HCT,HNX,Hàng & Dịch vụ Công nghiệp,CT,0,0.004,2.0,2.0,2003.0,79,,-0.02,-0.221,-0.538,Thương mại - Dịch vụ - Vận tải Xi măng Hải Phòng ,Industrial Goods & Services,194,2779,https://vtxmhp.com,2312091655
HD2,UPCOM,Bất động sản,CT,0,0.001,9.0,9.0,2004.0,61,,0.022,0.035,0.87,Đầu tư phát triển nhà HUD 2,Real Estate,336,8633,http://www.hud2.com.vn,2312091655
HDA,HNX,Xây dựng và Vật liệu,CT,562,0.003,27.6,27.6,2006.0,178,2.8,-0.04,-0.041,-0.26,Hãng sơn Đông Á,Construction & Materials,180,2353,http://hangsondonga.com.vn,2312091655
HD8,UPCOM,Bất động sản,CT,214,0.0,10.0,10.0,2007.0,23,,-0.032,-0.063,0.301,PT Nhà và Đô thị HUD8,Real Estate,336,8633,http://hud8.vn,2312091655
HD6,UPCOM,Bất động sản,CT,1072,0.0,15.1,15.1,2005.0,40,,-0.005,0.048,0.379,Phát triển nhà số 6 Hà Nội,Real Estate,336,8633,http://www.handico6.com.vn,2312091655
HDC,HOSE,Bất động sản,CT,0,0.019,135.1,135.1,2001.0,108,2.8,-0.008,-0.008,0.254,Phát triển Nhà BR-VT,Real Estate,336,8633,http://www.hodeco.vn,2312091655
HDB,HOSE,Ngân hàng,NH,6015,0.197,2892.6,2907.6,1992.0,16326,3.8,0.01,0.001,0.349,HDBank,Banks,289,8355,http://www.hdbank.com.vn,2312091655
HDG,HOSE,Bất động sản,CT,1695,0.236,305.8,305.8,2005.0,799,3.0,0.029,0.059,0.104,Tập đoàn Hà Đô,Real Estate,336,8633,https://hado.com.vn,2312091655
HDM,UPCOM,Hàng cá nhân & Gia dụng,CT,0,0.001,20.1,20.1,,4476,3.1,0.069,0.257,1.303,Dệt May Huế,Personal & Household Goods,226,3763,http://www.huegatex.com.vn,2312091655
HDO,UPCOM,Hàng & Dịch vụ Công nghiệp,CT,685,0.004,16.8,17.0,2000.0,2,,-0.22,-0.041,-0.58,Hưng Đạo Container,Industrial Goods & Services,184,2723,http://www.hungdaocontainer.com.vn,2312091655
HDP,UPCOM,Y tế,CT,670,0.002,9.9,9.9,2004.0,615,,-0.02,-0.067,0.12,Dược Hà Tĩnh,Health Care,238,4577,http://hadiphar.vn,2312091655
HDW,UPCOM,"Điện, nước & xăng dầu khí đốt",CT,931,0.001,31.9,31.9,1998.0,935,3.4,-0.053,-0.089,-0.113,Nước sạch Hải Dương,Utilities,277,7577,http://hdwaco.com.vn,2312091655
HEJ,UPCOM,Xây dựng và Vật liệu,CT,0,0.0,4.4,4.4,2008.0,245,,-0.02,-0.041,-0.106,Tư vấn Xây dựng Thủy Lợi VN,Construction & Materials,181,2357,http://www.hec.com.vn,2312091655
HEC,UPCOM,Hàng & Dịch vụ Công nghiệp,CT,205,0.0,6.0,6.0,2004.0,230,3.2,-0.02,-0.021,-0.024,Tư vấn XD Thủy Lợi II (HEC II),Industrial Goods & Services,195,2791,http://hec2.vn,2312091655
HEM,UPCOM,Hàng & Dịch vụ Công nghiệp,CT,423,0.0,38.7,38.7,2009.0,256,2.6,-0.136,-0.129,0.743,Chế tạo điện cơ Hà Nội,Industrial Goods & Services,187,2737,https://hem.vn,2312091655
HES,UPCOM,Du lịch và Giải trí,CT,409,0.0,9.3,9.3,1999.0,175,,0.123,0.114,0.1,Dịch vụ Giải trí Hà Nội,Travel & Leisure,260,5755,http://www.congvienhotay.vn,2312091655
HEP,UPCOM,Hàng & Dịch vụ Công nghiệp,CT,464,0.007,6.0,6.0,2005.0,846,,0.041,-0.065,-0.807,Môi trường và Công trình đô thị Huế,Industrial Goods & Services,199,2799,http://www.hepco.com.vn,2312091655
HEV,HNX,Truyền thông,CT,104,0.023,1.0,1.0,2004.0,23,,-0.02,-0.041,-0.21,Sách Đại học - Dạy nghề,Media,256,5557,http://hevobco.com.vn,2312091655
HFX,UPCOM,Bán lẻ,CT,0,0.0,1.3,1.3,1992.0,13,,-0.02,-0.458,-0.917,XNK Thanh Hà,Retail,250,5373,http://haforexim.com.vn,2312091655
HFB,UPCOM,Xây dựng và Vật liệu,CT,278,0.0,9.1,9.1,2010.0,295,,-0.02,-0.017,0.098,Công trình Cầu phà TP HCM,Construction & Materials,181,2357,http://caupha.com,2312091655
HFC,UPCOM,"Điện, nước & xăng dầu khí đốt",CT,214,0.0,10.2,10.2,1978.0,248,,-0.02,0.036,0.627,Xăng dầu HFC,Utilities,275,7573,http://www.hanoifuel.com.vn,2312091655
HGM,HNX,Tài nguyên Cơ bản,CT,135,0.002,11.9,12.6,2006.0,143,3.5,0.002,-0.019,0.158,Khoáng sản Hà Giang,Basic Resources,166,1775,https://hgm.vn,2312091655
HGW,UPCOM,"Điện, nước & xăng dầu khí đốt",CT,219,0.0,24.9,24.9,2004.0,616,3.0,-0.02,-0.041,0.014,Công trình đô thị Hậu Giang,Utilities,277,7577,http://www.capnuochaugiang.vn,2312091655
HGT,UPCOM,Du lịch và Giải trí,CT,204,0.49,20.0,20.0,2007.0,133,,-0.02,-0.041,-0.224,Du lịch Hương Giang,Travel & Leisure,262,5759,https://www.huonggiangtourist.com,2312091655
HHC,HNX,Thực phẩm và đồ uống,CT,458,0.002,16.4,16.4,2007.0,1100,2.1,-0.011,0.041,0.18,Bánh kẹo Hải Hà,Food & Beverage,218,3577,http://www.haihaco.com.vn,2312091655
HHG,UPCOM,Du lịch và Giải trí,CT,246,0.002,34.9,34.9,2001.0,231,,-0.02,0.012,0.031,Vận tải Hoàng Hà,Travel & Leisure,262,5759,http://www.hoanghaco.com.vn,2312091655
HHP,HOSE,Tài nguyên Cơ bản,CT,1993,0.069,62.0,62.0,2012.0,115,2.6,-0.001,0.014,0.242,Giấy Hoàng Hà Hải Phòng,Basic Resources,156,1737,https://www.hhppaper.com,2312091655
HHR,UPCOM,Hàng & Dịch vụ Công nghiệp,CT,376,0.0,1.4,1.4,2010.0,891,,-0.02,-0.041,0.17,Đường sắt Hà Hải,Industrial Goods & Services,192,2775,http://www.duongsathahai.vn,2312091655
HHS,HOSE,Ô tô và phụ tùng,CT,22018,0.009,347.2,347.2,2008.0,41,3.1,0.068,0.143,0.861,Đầu tư DV Hoàng Huy,Automobiles & Parts,211,3353,http://www.hoanghuyhhs.vn,2312091655
HHN,UPCOM,Hàng & Dịch vụ Công nghiệp,CT,0,0.0,1.4,1.4,2010.0,80,,-0.02,-0.427,-0.759,Vận tải và DV Hàng hóa Hà Nội,Industrial Goods & Services,193,2777,http://www.vantaihanoi.com.vn,2312091655
HIG,UPCOM,Công nghệ Thông tin,CT,911,0.002,22.6,22.6,1994.0,121,,-0.052,0.084,0.284,Tập đoàn HIPT,Technology,310,9537,https://hipt.vn,2312091655
HHV,HOSE,Xây dựng và Vật liệu,CT,366,0.065,411.7,329.4,2010.0,1285,2.5,0.048,0.124,1.061,Đầu tư Hạ tầng Giao thông Đèo Cả,Construction & Materials,181,2357,https://hhv.com.vn,2312091655
HID,HOSE,Xây dựng và Vật liệu,CT,5848,0.006,76.8,76.8,2007.0,106,,-0.011,-0.005,-0.164,Halcom Vietnam,Construction & Materials,181,2357,http://www.halcom.vn,2312091655
HIO,UPCOM,"Điện, nước & xăng dầu khí đốt",CT,193,0.0,21.0,21.0,,2,,0.075,0.557,,Helio Energy,Utilities,274,7535,http://helioenergy.vn,2312091655
HJC,UPCOM,Hàng cá nhân & Gia dụng,CT,441,0.0,12.9,12.9,2012.0,277,,-0.035,-0.148,0.075,Công ty Cổ phần Hòa Việt,Personal & Household Goods,229,3785,http://www.hoavietjsc.com,2312091655
HII,HOSE,Hóa chất,CT,974,0.005,73.7,73.7,2009.0,460,2.5,0.007,-0.01,0.101,An Tiến Industries,Chemicals,150,1353,https://antienindustries.com,2312091655
HJS,HNX,"Điện, nước & xăng dầu khí đốt",CT,418,0.002,21.0,21.0,2003.0,120,2.5,0.01,0.089,0.007,Thủy điện Nậm Mu,Utilities,274,7535,https://thuydiennammu.com.vn,2312091655
HKB,UPCOM,Thực phẩm và đồ uống,CT,2381,0.008,51.6,51.6,2009.0,14,,-0.02,-0.041,-0.33,Thực phẩm Hà Nội - Kinh Bắc,Food & Beverage,218,3577,http://www.hakinvest.com,2312091655
HLA,UPCOM,Tài nguyên Cơ bản,CT,235,0.001,34.4,34.5,2001.0,1,,-0.22,-0.241,-0.509,Hữu Liên Á Châu,Basic Resources,159,1757,http://www.huulienasia.com.vn,2312091655
HLB,UPCOM,Thực phẩm và đồ uống,CT,190,0.307,3.1,3.1,2003.0,580,3.3,-0.02,-0.041,0.275,Bia và NGK Hạ Long,Food & Beverage,214,3533,https://www.biahalong.com,2312091655
HKT,HNX,Thực phẩm và đồ uống,CT,248,0.003,6.1,6.1,2007.0,10,,0.061,0.136,-0.492,Đầu tư Ego Việt Nam,Food & Beverage,216,3537,http://www.egovietnam.com.vn,2312091655
HLR,UPCOM,Hàng & Dịch vụ Công nghiệp,CT,991,0.006,1.7,1.7,2010.0,717,,-0.02,-0.041,0.125,Đường sắt Hà Lạng,Industrial Goods & Services,192,2775,http://www.halang.com.vn,2312091655
HLD,HNX,Bất động sản,CT,130,0.052,20.0,20.0,2007.0,46,2.2,-0.005,-0.033,0.017,Bất động sản HUDLAND,Real Estate,336,8633,http://www.hudland.com.vn,2312091655
HLC,HNX,Tài nguyên Cơ bản,CT,4001,0.074,25.4,25.4,2006.0,3264,2.5,0.024,-0.041,0.539,Than Hà Lầm,Basic Resources,160,1771,https://halamcoal.com.vn,2312091655
HLS,UPCOM,Hàng & Dịch vụ Công nghiệp,CT,212,0.0,11.2,11.2,2004.0,210,,-0.02,-0.041,0.48,Sứ Hoàng Liên Sơn,Industrial Goods & Services,186,2733,http://www.hoceratec.com.vn,2312091655
HLT,UPCOM,Hàng cá nhân & Gia dụng,CT,650,0.0,5.5,5.5,2013.0,483,,0.12,-0.342,-0.729,Dệt may Hoàng Thị Loan,Personal & Household Goods,226,3763,http://halotexco.com.vn,2312091655
HLY,UPCOM,Xây dựng và Vật liệu,CT,0,0.016,1.0,1.0,2003.0,119,,-0.02,-0.332,-0.613,Gốm Xây Dựng Yên Hưng,Construction & Materials,180,2353,http://viglacerahalong.vn,2312091655
HMC,HOSE,Tài nguyên Cơ bản,CT,1666,0.004,27.3,27.3,2005.0,174,2.3,-0.01,-0.031,-0.028,Kim khí TP.HCM,Basic Resources,159,1757,https://metalhcm.com.vn,2312091655
HMG,UPCOM,Tài nguyên Cơ bản,CT,0,0.0,9.0,9.0,2013.0,132,2.0,-0.02,-0.041,0.01,Kim Khí Hà Nội,Basic Resources,159,1757,http://hns.com.vn,2312091655
HMS,UPCOM,Xây dựng và Vật liệu,CT,462,0.001,10.1,10.1,2006.0,414,2.6,-0.017,0.029,0.28,XD Bảo tàng Hồ Chí Minh,Construction & Materials,181,2357,https://hcmcc.com.vn,2312091655
HMH,HNX,Hàng & Dịch vụ Công nghiệp,CT,0,0.021,12.8,13.2,2002.0,140,,0.276,0.177,0.216,Tập đoàn Hải Minh,Industrial Goods & Services,194,2779,http://www.haiminh.com.vn,2312091655
HNA,UPCOM,"Điện, nước & xăng dầu khí đốt",CT,2957,0.0,235.2,235.2,2007.0,116,3.9,0.008,0.028,0.098,Thủy điện Hủa Na,Utilities,274,7535,http://huana.com.vn,2312091655
HMR,HNX,Xây dựng và Vật liệu,CT,143,0.0,5.6,5.6,2011.0,65,,0.03,0.066,0.297,Đá Hoàng Mai,Construction & Materials,180,2353,https://rcchoangmai.vn,2312091655
HNB,UPCOM,Hàng & Dịch vụ Công nghiệp,CT,437,0.002,9.5,9.5,2015.0,390,,0.29,-0.129,-0.429,Bến xe Hà Nội,Industrial Goods & Services,193,2777,https://benxehanoi.vn,2312091655
HNG,HOSE,Thực phẩm và đồ uống,CT,36997,0.02,1108.6,1108.6,,1700,2.0,-0.03,0.079,-0.248,Nông nghiệp Quốc tế HAGL,Food & Beverage,217,3573,https://haagrico.com,2312091655
HNF,UPCOM,Thực phẩm và đồ uống,CT,0,0.0,30.0,30.0,2013.0,1487,2.8,-0.025,0.103,0.636,Bánh kẹo Hữu Nghị,Food & Beverage,218,3577,https://huunghi.com.vn,2312091655
HND,UPCOM,"Điện, nước & xăng dầu khí đốt",CT,1728,0.0,500.0,500.0,2015.0,850,3.0,-0.013,-0.012,0.084,Nhiệt điện Hải Phòng,Utilities,274,7535,http://www.ndhp.com.vn,2312091655
HNM,UPCOM,Thực phẩm và đồ uống,CT,0,0.002,44.4,44.4,2001.0,285,,0.001,-0.03,0.258,HANOIMILK,Food & Beverage,218,3577,http://www.hanoimilk.com.vn,2312091655
HNI,UPCOM,Hàng cá nhân & Gia dụng,CT,0,0.008,23.8,23.8,2002.0,2543,2.9,-0.02,-0.046,-0.207,May Hữu Nghị,Personal & Household Goods,226,3763,http://www.hugamex.vn,2312091655
HNR,UPCOM,Thực phẩm và đồ uống,CT,114,0.456,20.0,20.0,2006.0,195,,-0.02,-0.041,-0.08,Cồn Rượu và Nước Giải Khát Hà Nội,Food & Beverage,215,3535,http://halico.com.vn,2312091655
HNP,UPCOM,Hóa chất,CT,293,0.027,5.0,5.0,1994.0,339,,-0.02,-0.041,0.081,Hanel Xốp Nhựa,Chemicals,150,1353,https://hanelplastics.com.vn,2312091655
HOM,HNX,Xây dựng và Vật liệu,CT,4010,0.012,72.0,74.8,2009.0,763,2.6,-0.02,0.022,-0.018,Xi măng VICEM Hoàng Mai,Construction & Materials,180,2353,https://ximanghoangmai.vn,2312091655
HPB,UPCOM,Hàng & Dịch vụ Công nghiệp,CT,230,0.001,3.7,3.9,1993.0,250,,-0.02,0.002,-0.011,Bao bì PP,Industrial Goods & Services,184,2723,http://www.haipacpp.com,2312091655
HPD,UPCOM,"Điện, nước & xăng dầu khí đốt",CT,0,0.063,8.3,8.3,2007.0,24,,0.003,0.001,0.131,Thủy điện Đăk Đoa,Utilities,274,7535,http://www.thuydiendakdoa.vn,2312091655
HOT,UPCOM,Du lịch và Giải trí,CT,216,0.0,8.0,8.0,2006.0,115,2.2,-0.161,0.077,-0.386,Du lịch - DV Hội An,Travel & Leisure,262,5759,http://www.hoiantourist.com,2312091655
HPG,HOSE,Tài nguyên Cơ bản,CT,0,0.251,5814.8,5814.8,2001.0,28535,2.7,0.01,0.033,0.438,Hòa Phát,Basic Resources,159,1757,http://www.hoaphat.com.vn,2312091655
HPI,UPCOM,Bất động sản,CT,239,0.0,60.0,60.0,2007.0,200,2.0,-0.02,-0.041,-0.402,Khu công nghiệp Hiệp Phước,Real Estate,336,8633,https://www.hiepphuoc.com/,2312091655
HPP,UPCOM,Xây dựng và Vật liệu,CT,581,0.221,8.0,8.0,2004.0,287,2.4,0.001,0.019,0.25,Sơn Hải Phòng,Construction & Materials,180,2353,http://www.sonhaiphong.com.vn,2312091655
HPH,UPCOM,Hóa chất,CT,0,0.0,8.4,8.4,2008.0,54,,-0.02,-0.041,-0.233,Hóa Chất Hưng Phát Hà Bắc,Chemicals,151,1357,http://www.hungphathabac.com.vn,2312091655
HPM,UPCOM,Tài nguyên Cơ bản,CT,0,0.013,3.8,3.8,2008.0,10,,-0.06,-0.081,-0.758,Khoáng sản Hoàng Phúc,Basic Resources,166,1775,http://www.hoangphucasia.com,2312091655
TPH,HNX,Truyền thông,CT,0,0.002,2.1,2.1,2004.0,85,,-0.02,-0.075,0.123,In Sách giáo khoa TP.Hà Nội,Media,256,5557,http://www.sachgiaoduchanoi.vn,2312091715
TQN,UPCOM,Tài nguyên Cơ bản,CT,147,0.0,3.6,3.6,2004.0,312,,-0.02,-0.041,-0.08,Thông Quảng Ninh,Basic Resources,155,1733,http://www.quangninhpine.vn,2312091715
TPP,HNX,Hàng & Dịch vụ Công nghiệp,CT,482,0.002,45.0,45.0,2005.0,1495,2.2,-0.12,0.012,-0.09,Nhựa Tân Phú VN,Industrial Goods & Services,184,2723,http://tanphuvietnam.vn,2312091715
TQW,UPCOM,"Điện, nước & xăng dầu khí đốt",CT,325,0.0,8.9,8.9,2010.0,272,,-0.02,-0.041,-0.08,Cấp thoát nước Tuyên Quang,Utilities,277,7577,http://capthoatnuoctuyenquang.vn,2312091715
TRC,HOSE,Hóa chất,CT,735,0.008,29.1,30.0,2006.0,1304,2.6,-0.017,-0.026,-0.022,Cao su Tây Ninh,Chemicals,150,1353,http://taniruco.com,2312091715
TRA,HOSE,Y tế,CT,0,0.463,41.5,41.5,1999.0,1476,2.6,0.01,-0.071,-0.189,Traphaco,Health Care,238,4577,https://traphaco.com.vn,2312091715
TR1,UPCOM,Hàng & Dịch vụ Công nghiệp,CT,0,0.0,4.6,4.6,2015.0,121,,-0.02,-0.188,-0.05,Vận Tải 1 Traco,Industrial Goods & Services,193,2777,http://www.traco.vn,2312091715
TPS,UPCOM,Du lịch và Giải trí,CT,153,0.019,5.0,5.0,2006.0,72,,-0.02,-0.041,-0.423,Bến bãi vận tải Sài Gòn,Travel & Leisure,262,5759,http://www.benbaivantaisaigon.com.vn,2312091715
TRS,UPCOM,Hàng & Dịch vụ Công nghiệp,CT,149,0.0,5.4,5.5,2006.0,195,,0.23,0.427,0.77,Vận tải và Dịch vụ Hàng Hải,Industrial Goods & Services,191,2773,http://www.trasas.com.vn,2312091715
TS4,UPCOM,Thực phẩm và đồ uống,CT,1737,0.008,16.1,16.2,1993.0,92,,-0.02,-0.041,-0.33,Thủy sản số 4,Food & Beverage,217,3573,http://www.seafoodno4.com,2312091715
TS3,UPCOM,Xây dựng và Vật liệu,CT,207,0.0,3.9,3.9,2013.0,142,,0.002,-0.082,0.225,Trường Sơn 532,Construction & Materials,181,2357,http://truongson532.com.vn,2312091715
TRT,UPCOM,Xây dựng và Vật liệu,CT,209,0.0,11.0,11.0,2005.0,469,,-0.02,0.038,0.398,CTCP RedstarCera,Construction & Materials,180,2353,https://redstarcera.com,2312091715
TSB,HNX,Hàng & Dịch vụ Công nghiệp,CT,295,0.027,6.7,6.7,2004.0,156,,-0.042,-0.124,3.878,Ắc quy Tia Sáng,Industrial Goods & Services,186,2733,http://www.tiasangbattery.com,2312091715
TSC,HOSE,Hóa chất,CT,3181,0.002,196.9,196.9,1976.0,1063,2.3,0.04,0.081,-0.18,Kỹ thuật NN Cần Thơ,Chemicals,151,1357,http://www.tsccantho.com.vn,2312091715
TSD,UPCOM,Du lịch và Giải trí,CT,95,0.0,1.3,1.3,2007.0,52,,-0.163,-0.041,-0.619,Du lịch Trường Sơn Coecco,Travel & Leisure,262,5759,http://www.truongsontourist.com.vn,2312091715
TSG,UPCOM,Hàng & Dịch vụ Công nghiệp,CT,95306,0.018,3.1,3.1,2010.0,361,,-0.02,-0.033,0.046,TTTH Đường sắt Sài Gòn,Industrial Goods & Services,193,2777,http://www.ttthsaigon.vn,2312091715
TSJ,UPCOM,Du lịch và Giải trí,CT,183,0.0,74.8,74.8,2005.0,73,2.3,0.079,1.129,0.751,Hanoi Toserco,Travel & Leisure,262,5759,https://hanoitoserco.com.vn,2312091715
TTA,HOSE,"Điện, nước & xăng dầu khí đốt",CT,6242,0.031,170.1,170.1,2008.0,132,2.5,-0.019,-0.046,-0.16,XD và PT Trường Thành,Utilities,274,7535,https://truongthanhgroup.com.vn,2312091715
TTC,HNX,Xây dựng và Vật liệu,CT,0,0.087,5.9,6.0,2003.0,322,,-0.028,-0.001,0.206,Gạch men Thanh Thanh,Construction & Materials,180,2353,http://www.thanhthanhceramic.com,2312091715
TTB,HOSE,Xây dựng và Vật liệu,CT,335,0.0,101.5,101.5,2008.0,50,2.2,-0.02,-0.041,-0.519,Tập đoàn Tiến Bộ,Construction & Materials,180,2353,http://www.tienbo.vn,2312091715
TST,UPCOM,Công nghệ Thông tin,CT,0,0.009,4.8,4.8,2000.0,113,,-0.02,-0.156,-0.884,Dịch vụ KT Viễn Thông,Technology,308,9533,http://www.tst.com.vn,2312091715
TTD,UPCOM,Y tế,CT,206,0.005,15.6,15.6,2002.0,548,2.7,-0.033,-0.121,0.604,Bệnh viện Tim Tâm Đức,Health Care,234,4533,https://tamduchearthospital.com,2312091715
TTE,HOSE,"Điện, nước & xăng dầu khí đốt",CT,246,0.0,28.5,28.5,2014.0,74,,-0.02,-0.041,-0.022,ĐT Năng lượng Trường Thịnh,Utilities,274,7535,https://dientruongthinh.vn,2312091715
TTF,HOSE,Tài nguyên Cơ bản,CT,21806,0.058,393.5,393.5,2003.0,2976,2.0,0.073,0.083,-0.162,Gỗ Trường Thành,Basic Resources,155,1733,https://www.truongthanh.com,2312091715
TTH,HNX,Bán lẻ,CT,1452,0.003,37.4,37.4,2003.0,27,,0.005,-0.132,0.659,TM và DV Tiến Thành,Retail,249,5371,http://tienthanhjsc.vn,2312091715
TTG,UPCOM,Hàng cá nhân & Gia dụng,CT,0,0.066,2.0,2.0,2008.0,230,,-0.02,0.002,0.735,May Thanh Trì,Personal & Household Goods,226,3763,http://www.hapro.com.vn,2312091715
TTL,HNX,Xây dựng và Vật liệu,CT,334,0.0,41.9,41.9,2010.0,71,2.4,-0.11,-0.131,-0.127,TCT Thăng Long,Construction & Materials,181,2357,http://tlg.com.vn,2312091715
TTN,UPCOM,Viễn thông,CT,2602,0.003,36.7,36.7,2008.0,313,2.8,0.02,0.014,-0.025,Công nghệ và Truyền thông VN,Telecommunications,267,6535,https://vntt.com.vn,2312091715
TTP,UPCOM,Hàng & Dịch vụ Công nghiệp,CT,409,0.882,13.5,15.0,2004.0,765,3.0,-0.02,-0.041,0.6,Bao bì nhựa Tân Tiến,Industrial Goods & Services,184,2723,https://tapack.com,2312091715
TTT,HNX,Du lịch và Giải trí,CT,130,0.025,4.6,4.6,2007.0,106,,-0.026,-0.002,-0.227,Du lịch - Thương Mại Tây Ninh,Travel & Leisure,262,5759,http://www.tanitour.com.vn,2312091715
TTS,UPCOM,Tài nguyên Cơ bản,CT,677,0.0,50.8,50.8,2008.0,259,2.3,-0.02,-0.041,-0.08,Cán thép Thái Trung,Basic Resources,159,1757,https://ttr.com.vn,2312091715
TTZ,HNX,Xây dựng và Vật liệu,CT,1173,0.129,7.6,7.6,2003.0,7,,-0.02,-0.041,-0.08,Xây dựng Tiến Trung,Construction & Materials,180,2353,http://ttzholdings.com.vn,2312091715
TUG,UPCOM,Hàng & Dịch vụ Công nghiệp,CT,0,0.063,2.7,2.7,2010.0,116,,-0.128,-0.199,-0.369,Lai dắt và VT cảng Hải Phòng,Industrial Goods & Services,193,2777,http://www.tugtranco.vn,2312091715
TV2,HOSE,Hàng & Dịch vụ Công nghiệp,CT,986,0.124,67.5,67.5,1985.0,1081,2.8,-0.013,0.18,0.981,Tư vấn XD Điện 2,Industrial Goods & Services,195,2791,https://www.pecc2.com,2312091715
TV1,UPCOM,Hàng & Dịch vụ Công nghiệp,CT,1626,0.0,26.7,26.7,1982.0,605,3.0,-0.054,0.008,0.59,Tư vấn XD Điện 1,Industrial Goods & Services,195,2791,http://www.pecc1.com.vn,2312091715
TV6,UPCOM,Bán lẻ,CT,129,0.335,3.0,3.0,2008.0,27,,-0.046,-0.014,0.381,TM ĐT xây lắp điện Thịnh Vượng,Retail,253,5379,http://www.thinhvuongvn.com,2312091715
TVB,HOSE,Dịch vụ tài chính,CK,10325,0.018,112.1,112.1,2006.0,60,2.6,0.01,0.012,-0.021,Chứng khoán Trí Việt,Financial Services,300,8777,http://www.tvsc.vn,2312091715
TV4,HNX,Hàng & Dịch vụ Công nghiệp,CT,485,0.007,19.8,19.8,2007.0,431,3.0,-0.016,-0.029,-0.037,Tư vấn XD Điện 4,Industrial Goods & Services,195,2791,http://www.pecc4.vn,2312091715
TV3,HNX,Xây dựng và Vật liệu,CT,0,0.003,9.5,9.5,2007.0,465,,0.007,0.033,-0.385,Tư vấn XD điện 3,Construction & Materials,181,2357,http://www.pecc3.com.vn,2312091715
TVA,UPCOM,Xây dựng và Vật liệu,CT,339,0.0,6.3,6.3,2008.0,312,,0.126,-0.161,-0.178,Sứ Viglacera Thanh Trì,Construction & Materials,180,2353,http://viglacerathanhtri.vn,2312091715
TVC,HNX,Dịch vụ tài chính,CT,441,0.001,118.6,118.6,2012.0,23,3.0,0.016,0.035,-0.025,Tập đoàn Trí Việt,Financial Services,299,8775,http://tcorp.vn,2312091715
TVD,HNX,Tài nguyên Cơ bản,CT,0,0.043,45.0,45.0,2008.0,5652,3.0,0.081,0.133,0.793,Than Vàng Danh,Basic Resources,160,1771,https://vangdanhcoal.com.vn,2312091715
TVG,UPCOM,Xây dựng và Vật liệu,CT,129,0.0,2.0,2.0,1959.0,73,,-0.02,-0.041,-0.757,XD Giao thông Vận tải,Construction & Materials,181,2357,https://www.tricc.vn,2312091715
TVN,UPCOM,Tài nguyên Cơ bản,CT,7102,0.001,678.0,678.0,2012.0,6079,2.4,0.044,0.097,0.295,Thép Việt Nam,Basic Resources,159,1757,https://vnsteel.vn,2312091715
TVM,UPCOM,Hàng & Dịch vụ Công nghiệp,CT,239,0.0,2.4,2.4,2013.0,296,,-0.02,-0.041,-0.257,Tư vấn đầu tư Mỏ,Industrial Goods & Services,195,2791,http://vimcc.vn,2312091715
TVH,UPCOM,Xây dựng và Vật liệu,CT,223,0.0,4.0,4.0,2004.0,134,,-0.02,0.353,-0.507,Tư vấn XD công trình Hàng hải,Construction & Materials,181,2357,http://www.cmbvn.com.vn,2312091715
TVT,HOSE,Hàng cá nhân & Gia dụng,CT,738,0.003,21.0,21.0,2007.0,1571,2.5,-0.004,-0.056,-0.376,May Việt Thắng,Personal & Household Goods,226,3763,https://vietthang.com.vn,2312091715
TVS,HOSE,Dịch vụ tài chính,CK,2553,0.287,151.3,151.3,2006.0,98,2.5,0.019,0.007,0.151,Chứng khoán Thiên Việt,Financial Services,300,8777,https://www.tvs.vn,2312091715
TW3,UPCOM,Y tế,CT,143,0.001,1.7,1.8,2010.0,135,,0.111,0.099,0.166,Dược TW3,Health Care,238,4577,https://duoctw3.com,2312091715
TXM,HNX,Xây dựng và Vật liệu,CT,1116,0.009,7.0,7.0,2005.0,53,,-0.111,0.31,0.348,Thạch cao Xi măng,Construction & Materials,180,2353,http://www.thachcaoximang.com.vn,2312091715
TYA,HOSE,Hàng & Dịch vụ Công nghiệp,CT,0,0.402,30.7,6.1,1992.0,346,2.3,-0.015,-0.001,-0.189,Dây và Cáp điện Taya,Industrial Goods & Services,186,2733,http://www.taya.com.vn,2312091715
UCT,UPCOM,Hàng & Dịch vụ Công nghiệp,CT,165,0.0,5.3,5.3,2010.0,336,,-0.02,0.248,-0.442,Đô thị Cần Thơ,Industrial Goods & Services,199,2799,http://www.congtrinhdothicantho.vn,2312091715
UDJ,UPCOM,Xây dựng và Vật liệu,CT,676,0.048,16.5,16.5,2007.0,16,3.5,-0.009,-0.018,0.048,Becamex UDJ,Construction & Materials,181,2357,https://becamexudj.com.vn,2312091715
UDC,UPCOM,Xây dựng và Vật liệu,CT,1201,0.136,34.7,35.0,1995.0,209,2.4,-0.02,-0.112,-0.405,Xây dựng và Phát triển đô thị Bà Rịa - Vũng Tàu,Construction & Materials,181,2357,http://www.udec.com.vn,2312091715
UEM,UPCOM,Hàng & Dịch vụ Công nghiệp,CT,171,0.0,2.4,2.4,2013.0,197,,-0.02,-0.041,-0.769,Cơ điện Uông Bí - Vinacomin,Industrial Goods & Services,189,2757,http://www.codienuongbi.vn,2312091715
UDL,UPCOM,Hàng & Dịch vụ Công nghiệp,CT,856,0.0,6.6,6.6,2008.0,656,,-0.02,0.003,-0.211,Đô thị và Môi trường Đắk Lắk,Industrial Goods & Services,199,2799,http://www.moitruongdothidaklak.com.vn,2312091715
UIC,HOSE,Xây dựng và Vật liệu,CT,572,0.123,8.0,8.0,2000.0,100,2.7,-0.039,-0.06,-0.231,Phát triển Nhà và Đô thị IDICO,Construction & Materials,181,2357,http://udico.com.vn,2312091715
UMC,UPCOM,Xây dựng và Vật liệu,CT,205,0.0,1.8,1.8,2007.0,222,,-0.02,-0.041,-0.005,Công trình đô thị Nam Định,Construction & Materials,181,2357,http://www.congtrinhdothinamdinh.vn,2312091715
UPH,UPCOM,Y tế,CT,447,0.0,13.3,13.3,2007.0,128,,-0.02,0.542,-0.425,Dược phẩm TW25,Health Care,238,4577,https://uphace.vn,2312091715
UPC,UPCOM,"Điện, nước & xăng dầu khí đốt",CT,0,0.0,3.4,3.4,2009.0,635,,0.38,0.359,-0.076,Cây xanh Vũng Tàu,Utilities,276,7575,https://upcgreen.com,2312091715
UNI,HNX,Công nghệ Thông tin,CT,0,0.015,15.6,15.6,1993.0,10,2.0,-0.057,-0.111,-0.387,Đầu tư và Phát triển Sao Mai Việt,Technology,308,9533,https://www.uninvest.vn,2312091715
V11,UPCOM,Bất động sản,CT,0,0.003,8.4,8.4,1996.0,3,,-0.22,-0.374,-0.413,VINACONEX No11,Real Estate,336,8633,http://www.vinaconex11.com.vn,2312091715
USC,UPCOM,Xây dựng và Vật liệu,CT,313,0.0,5.5,5.5,2004.0,191,,-0.165,-0.127,0.138,Khảo sát và Xây dựng - USCO,Construction & Materials,181,2357,http://www.usco.vn,2312091715
USD,UPCOM,Hàng & Dịch vụ Công nghiệp,CT,0,0.0,5.6,5.6,2010.0,352,,-0.034,0.003,0.208,Công trình Đô thị Sóc Trăng,Industrial Goods & Services,199,2799,http://ctdtst.vn,2312091715
V15,UPCOM,Xây dựng và Vật liệu,CT,0,0.003,10.0,10.0,1978.0,0,,-0.22,-0.374,-0.509,Vinaconex 15,Construction & Materials,181,2357,http://www.vinaconex15.com,2312091715
V12,HNX,Xây dựng và Vật liệu,CT,520,0.0,11.6,11.6,1996.0,159,,-0.02,-0.041,-0.003,VINACONEX 12,Construction & Materials,181,2357,http://www.vinaconex12.com.vn,2312091715
VAF,HOSE,Hóa chất,CT,0,0.0,37.7,37.7,2009.0,374,2.4,-0.093,0.12,0.296,Phân lân Văn Điển,Chemicals,151,1357,https://vandienfmp.vn,2312091715
V21,HNX,Bất động sản,CT,249,0.0,12.0,12.0,2005.0,45,,-0.02,-0.057,0.525,Vinaconex 21,Real Estate,336,8633,https://vinaconex21.vn,2312091715
VAB,UPCOM,Ngân hàng,NH,1913,0.0,540.0,540.0,2003.0,1534,2.6,-0.005,-0.041,-0.136,Ngân hàng Việt Á,Banks,289,8355,http://www.vietabank.com.vn,2312091715
VBB,UPCOM,Ngân hàng,NH,1956,0.0,477.7,477.7,2011.0,2516,2.3,-0.02,-0.091,0.093,VietBank,Banks,289,8355,http://www.vietbank.com.vn,2312091715
VBG,UPCOM,Tài nguyên Cơ bản,CT,392,0.0,8.6,8.6,2010.0,363,,-0.02,-0.041,-0.154,Địa chất Việt Bắc - TKV,Basic Resources,166,1775,http://www.diachatvietbac.vn,2312091715
VBC,HNX,Hàng & Dịch vụ Công nghiệp,CT,262,0.019,7.5,7.5,1996.0,1012,,-0.02,-0.041,-0.014,Nhựa - Bao bì Vinh,Industrial Goods & Services,184,2723,http://nhuabaobivinh.com,2312091715
VAV,UPCOM,"Điện, nước & xăng dầu khí đốt",CT,100,0.022,32.0,32.0,2015.0,215,3.2,0.08,0.088,0.63,VIWACO,Utilities,277,7577,https://viwaco.vn,2312091715
VC1,HNX,Xây dựng và Vật liệu,CT,0,0.026,12.0,12.0,2009.0,110,,-0.032,0.021,-0.125,Xây dựng số 1,Construction & Materials,181,2357,https://www.vinaconex1.com.vn,2312091715
VC2,HNX,Xây dựng và Vật liệu,CT,0,0.001,67.2,47.2,2003.0,281,2.0,0.05,0.111,0.098,Đầu tư và Xây dựng VINA2,Construction & Materials,181,2357,https://vina2.com.vn,2312091715
VBH,UPCOM,Hàng & Dịch vụ Công nghiệp,CT,0,0.015,2.9,2.9,2006.0,179,,-0.02,0.292,-0.223,Điện tử Bình Hòa,Industrial Goods & Services,186,2733,http://www.viettronics-binhhoa.com,2312091715
VC3,HNX,Bất động sản,CT,961,0.0,111.7,111.7,2002.0,99,2.3,-0.012,-0.024,-0.269,Tập đoàn Nam Mê Kông,Real Estate,339,8637,https://nammekong.net,2312091715
VC6,HNX,Xây dựng và Vật liệu,CT,815,0.107,8.8,8.8,2000.0,270,,0.033,-0.132,1.153,Visicons,Construction & Materials,181,2357,http://visicons.vn,2312091715
VC7,HNX,Xây dựng và Vật liệu,CT,0,0.0,96.1,48.0,2001.0,26,2.3,0.095,0.09,1.541,BGI Group,Construction & Materials,181,2357,https://bgi.vn,2312091715
VC5,UPCOM,Xây dựng và Vật liệu,CT,0,0.013,5.0,5.0,2007.0,7,,-0.02,0.334,0.295,Xây dựng Số 5,Construction & Materials,181,2357,http://www.vina5.vn,2312091715
VC9,HNX,Xây dựng và Vật liệu,CT,834,0.018,16.7,17.0,2005.0,188,,-0.055,0.036,-0.191,Xây dựng số 9,Construction & Materials,181,2357,https://vc9.vn,2312091715
VCB,HOSE,Ngân hàng,NH,25183,0.235,5589.1,5589.1,2008.0,22862,3.0,-0.02,-0.078,0.199,Vietcombank,Banks,289,8355,https://vietcombank.com.vn,2312091715
VCA,HOSE,Tài nguyên Cơ bản,CT,732,0.016,15.2,15.2,2007.0,386,2.9,-0.027,-0.098,-0.271,Thép VICASA - VNSTEEL,Basic Resources,159,1757,http://www.vicasasteel.com,2312091715
VCC,HNX,Xây dựng và Vật liệu,CT,478,0.0,24.0,12.0,2007.0,449,1.9,-0.065,0.124,0.176,Vinaconex 25,Construction & Materials,181,2357,https://vinaconex25.com.vn,2312091715
VCE,UPCOM,Xây dựng và Vật liệu,CT,112,0.0,5.0,5.0,2014.0,12,,-0.02,-0.041,-0.08,Xây lắp Môi trường,Construction & Materials,181,2357,http://www.moitruongnhanco.vn,2312091715
VCI,HOSE,Dịch vụ tài chính,CK,13657,0.224,437.5,437.5,2007.0,343,2.7,-0.032,0.056,0.64,Chứng khoán Vietcap,Financial Services,300,8777,http://www.vcsc.com.vn,2312091715
VCG,HOSE,Xây dựng và Vật liệu,CT,7864,0.108,534.5,534.5,2006.0,8433,2.1,0.046,0.09,0.553,VINACONEX,Construction & Materials,181,2357,http://www.vinaconex.com.vn,2312091715
VCF,HOSE,Thực phẩm và đồ uống,CT,390,0.006,26.6,26.6,1998.0,241,2.7,-0.018,-0.051,-0.337,VinaCafé Biên Hòa,Food & Beverage,216,3537,www.vinacafebienhoa.com,2312091715
VCP,UPCOM,"Điện, nước & xăng dầu khí đốt",CT,829,0.0,83.8,83.8,,64,2.8,0.021,-0.041,-0.076,Xây dựng và Năng lượng VCP,Utilities,274,7535,https://vcpholdings.com.vn,2312091715
VCM,HNX,Hàng & Dịch vụ Công nghiệp,CT,656,0.0,3.0,3.0,1995.0,46,,-0.135,-0.161,-0.4,Nhân lực và Thương mại Vinaconex,Industrial Goods & Services,196,2793,http://www.vinaconexmec.vn,2312091715
VCR,UPCOM,Bất động sản,CT,1712,0.0,210.0,210.0,2008.0,52,2.3,-0.011,-0.009,-0.093,Vinaconex - ITC,Real Estate,336,8633,https://vinaconexitc.com.vn,2312091715
VCS,HNX,Xây dựng và Vật liệu,CT,4721,0.028,160.0,160.0,2005.0,957,2.9,-0.02,0.023,0.167,VICOSTONE,Construction & Materials,180,2353,https://vicostone.com,2312091715
VCT,UPCOM,Hàng & Dịch vụ Công nghiệp,CT,0,0.0,1.1,1.1,2004.0,12,,-0.02,-0.041,0.082,Tư vấn XD Vinaconex,Industrial Goods & Services,195,2791,http://www.vinaconsult.com.vn,2312091715
VCW,UPCOM,"Điện, nước & xăng dầu khí đốt",CT,132,0.001,75.0,75.0,2009.0,132,2.2,0.005,-0.009,-0.384,Đầu tư Nước sạch Sông Đà,Utilities,277,7577,http://www.viwasupco.com.vn,2312091715
VCX,UPCOM,Xây dựng và Vật liệu,CT,668,0.001,26.5,26.5,2012.0,340,,0.119,0.099,0.32,Xi măng Yên Bình,Construction & Materials,180,2353,http://www.ximangyenbinh.com,2312091715
VDB,UPCOM,Tài nguyên Cơ bản,CT,520,0.0,8.7,8.7,2012.0,663,,-0.02,-0.041,-0.08,Vận tải và CB Than Đông Bắc,Basic Resources,160,1771,http://www.vtcbdongbac.com.vn,2312091715
VDL,HNX,Thực phẩm và đồ uống,CT,0,0.007,14.7,14.7,2003.0,189,2.9,-0.02,0.094,-0.538,Thực phẩm Lâm Đồng,Food & Beverage,215,3535,https://ladofoods.vn,2312091715
VDS,HOSE,Dịch vụ tài chính,CK,5331,0.015,210.0,210.0,2006.0,463,2.8,0.024,0.134,0.958,Chứng khoán Rồng Việt,Financial Services,300,8777,http://www.vdsc.com.vn,2312091715
VDP,HOSE,Y tế,CT,506,0.003,18.4,18.4,2003.0,497,2.7,-0.07,-0.09,-0.085,Dược phẩm VIDIPHA,Health Care,238,4577,http://www.vidipha.com.vn,2312091715
VDN,UPCOM,Hàng cá nhân & Gia dụng,CT,0,0.0,3.1,3.1,2004.0,2114,,-0.086,-0.268,-0.107,Vinatex Đà Nẵng,Personal & Household Goods,226,3763,http://vinatexdn.com.vn,2312091715
QCG,HOSE,Bất động sản,CT,3011,0.006,275.1,275.1,2007.0,115,2.7,0.045,0.07,1.47,Quốc Cường Gia Lai,Real Estate,336,8633,http://www.quoccuonggialai.com.vn,2312091722
QBS,HOSE,Hóa chất,CT,1736,0.0,69.3,69.3,2007.0,29,,0.001,0.053,0.044,Xuất nhập khẩu Quảng Bình,Chemicals,151,1357,http://www.quangbinhjsc.com.vn,2312091722
PXT,UPCOM,Xây dựng và Vật liệu,CT,501,0.025,20.0,20.0,2009.0,149,,0.007,-0.041,0.038,Xây lắp Đường ống Dầu khí,Construction & Materials,181,2357,http://www.pvc-pt.vn,2312091722
PXM,UPCOM,Xây dựng và Vật liệu,CT,0,0.002,15.0,15.0,2007.0,15,,-0.187,-0.327,-0.58,Xây lắp Dầu khí Miền Trung,Construction & Materials,181,2357,http://www.pvcmt.vn,2312091722
QHW,UPCOM,Thực phẩm và đồ uống,CT,429,0.002,8.0,8.0,2004.0,304,,-0.016,-0.076,-0.034,Nước khoáng Quảng Ninh,Food & Beverage,216,3537,http://www.nuockhoangquangninh.com.vn,2312091722
PXL,UPCOM,Bất động sản,CT,11482,0.001,82.6,82.7,2007.0,23,2.5,0.028,0.119,0.561,KCN Dầu khí Long Sơn,Real Estate,336,8633,https://www.longsonpic.vn,2312091722
QHD,HNX,Hàng & Dịch vụ Công nghiệp,CT,417,0.003,5.5,5.5,2008.0,179,,-0.02,-0.015,0.076,Que hàn Việt Đức,Industrial Goods & Services,185,2727,https://viwelco.com.vn,2312091722
PXS,UPCOM,Xây dựng và Vật liệu,CT,2950,0.106,60.0,60.0,1983.0,708,2.3,-0.02,-0.041,0.151,Lắp máy Dầu khí,Construction & Materials,181,2357,http://www.pvc-ms.vn,2312091722
QNC,UPCOM,Xây dựng và Vật liệu,CT,1647,0.155,59.9,60.0,2005.0,913,2.5,0.005,0.011,0.508,Xi măng Quảng Ninh,Construction & Materials,180,2353,http://www.qncc.vn,2312091722
QCC,UPCOM,Xây dựng và Vật liệu,CT,143,0.008,1.3,1.5,2002.0,19,,-0.17,-0.105,0.28,Đầu tư Xây dựng và Phát triển Hạ tầng Viễn Thông,Construction & Materials,181,2357,http://www.qtc.vn,2312091722
QNS,UPCOM,Thực phẩm và đồ uống,CT,4000,0.162,356.9,356.9,2005.0,3483,3.0,-0.044,-0.098,0.225,Đường Quảng Ngãi,Food & Beverage,218,3577,http://qns.com.vn,2312091722
QSP,UPCOM,Hàng & Dịch vụ Công nghiệp,CT,867,0.008,10.8,10.8,2008.0,9,,0.003,-0.003,0.156,Tân cảng Quy Nhơn,Industrial Goods & Services,193,2777,http://www.quynhonnewport.vn,2312091722
QPH,UPCOM,"Điện, nước & xăng dầu khí đốt",CT,0,0.0,18.6,18.6,2005.0,30,3.3,-0.02,-0.06,-0.047,Thủy điện Quế Phong,Utilities,274,7535,http://www.thuydienquephong.com.vn,2312091722
QNT,UPCOM,Xây dựng và Vật liệu,CT,19,0.0,3.2,3.2,2017.0,11,,0.126,0.105,3.379,Tư vấn và Đầu tư Phát triển Quảng Nam,Construction & Materials,181,2357,,2312091722
QNU,UPCOM,Hàng & Dịch vụ Công nghiệp,CT,288,0.0,6.8,6.8,2010.0,323,,-0.02,-0.041,-0.274,Môi trường Đô thị Quảng Nam,Industrial Goods & Services,199,2799,http://urencoquangnam.com,2312091722
QTP,UPCOM,"Điện, nước & xăng dầu khí đốt",CT,5988,0.012,450.0,450.0,2002.0,846,3.0,0.031,0.05,0.241,Nhiệt điện Quảng Ninh,Utilities,274,7535,http://www.quangninhtpc.com.vn,2312091722
QTC,HNX,Xây dựng và Vật liệu,CT,0,0.17,2.7,2.7,2004.0,72,,0.015,0.022,-0.231,GTVT Quảng Nam,Construction & Materials,181,2357,http://www.cotracoqna.vn,2312091722
QNW,UPCOM,"Điện, nước & xăng dầu khí đốt",CT,122,0.0,20.0,20.0,2010.0,117,,-0.1,-0.229,-0.383,Cấp thoát nước và XD Quảng Ngãi,Utilities,277,7577,http://capnuocqni.com.vn,2312091722
QST,HNX,Truyền thông,CT,0,0.0,3.2,3.2,2004.0,181,,-0.02,-0.1,0.163,Sách Quảng Ninh,Media,256,5557,http://sachquangninh.vn,2312091722
RAT,UPCOM,Hàng & Dịch vụ Công nghiệp,CT,185,0.005,5.9,5.9,2000.0,235,,-0.02,-0.041,0.568,VT và TM Đường sắt,Industrial Goods & Services,194,2779,https://ratraco.vn,2312091722
RAL,HOSE,Hàng cá nhân & Gia dụng,CT,0,0.019,23.5,23.5,2004.0,2371,3.0,-0.042,-0.025,0.275,Bóng đèn Phích nước Rạng Đông,Personal & Household Goods,221,3726,https://rangdong.com.vn,2312091722
RBC,UPCOM,Hóa chất,CT,305,0.0,9.9,10.0,2005.0,430,,-0.02,0.252,-0.717,Công Nghiệp và Xuất nhập khẩu Cao Su,Chemicals,150,1353,https://rubico.com.vn,2312091722
REE,HOSE,Hàng & Dịch vụ Công nghiệp,CT,16958,0.49,408.7,409.7,2005.0,2122,3.2,0.013,0.032,-0.188,Cơ Điện Lạnh REE,Industrial Goods & Services,189,2757,https://www.reecorp.com,2312091722
RDP,HOSE,Hóa chất,CT,1196,0.005,49.1,49.1,2005.0,546,2.6,0.023,-0.004,0.218,Nhựa Rạng Đông,Chemicals,150,1353,https://rangdongholding.com.vn,2312091722
RCD,UPCOM,Xây dựng và Vật liệu,CT,0,0.001,4.8,5.3,1993.0,15,,0.035,0.015,-0.254,XD - Địa ốc Cao su,Construction & Materials,181,2357,http://www.rcd-vrg.vn,2312091722
RCL,HNX,Bất động sản,CT,411,0.01,13.9,13.9,2003.0,28,2.3,0.026,0.083,-0.01,Địa Ốc Chợ Lớn,Real Estate,336,8633,http://www.cholonres.com.vn,2312091722
RCC,UPCOM,Xây dựng và Vật liệu,CT,896,0.0,32.1,32.1,2005.0,154,2.3,-0.014,0.005,-0.093,Công trình Đường sắt,Construction & Materials,181,2357,https://rccgroup.vn,2312091722
RGC,UPCOM,Truyền thông,CT,0,0.0,89.1,89.1,2007.0,606,2.3,-0.02,-0.019,-0.68,Đầu tư PV-Inconess,Media,254,5553,http://www.pv-inconess.com.vn,2312091722
S12,UPCOM,Xây dựng và Vật liệu,CT,448,0.111,5.0,5.0,2004.0,18,,0.046,-0.1,-0.564,Sông Đà 12,Construction & Materials,181,2357,http://www.sd12.com.vn,2312091722
S27,UPCOM,Xây dựng và Vật liệu,CT,257,0.01,1.6,1.6,1996.0,0,,-0.145,-0.166,-0.8,Sông Đà 27,Construction & Materials,181,2357,http://www.songda27.com.vn,2312091722
S4A,HOSE,"Điện, nước & xăng dầu khí đốt",CT,1053,0.001,42.2,42.2,2007.0,52,2.5,0.015,-0.005,0.116,Thủy điện Sê San 4A,Utilities,274,7535,http://sesan4a.com.vn,2312091722
S55,HNX,Xây dựng và Vật liệu,CT,0,0.004,10.0,10.0,2004.0,64,2.6,-0.039,-0.041,-0.102,Sông Đà 505,Construction & Materials,181,2357,http://www.songda505.com.vn,2312091722
RIC,UPCOM,Du lịch và Giải trí,CT,0,0.285,70.4,28.7,2005.0,465,2.3,0.004,-0.041,-0.444,Quốc tế Hoàng Gia,Travel & Leisure,260,5755,https://royalhalonghotel.com,2312091722
RTB,UPCOM,Hóa chất,CT,638,0.0,87.9,87.9,2009.0,3629,2.8,0.002,-0.008,-0.194,Cao su Tân Biên,Chemicals,150,1353,http://www.tabiruco.vn,2312091722
S72,UPCOM,Xây dựng và Vật liệu,CT,490,0.0,12.0,12.0,2004.0,16,,-0.02,-0.041,-0.418,Sông Đà 7.02,Construction & Materials,181,2357,http://www.songda702.com.vn,2312091722
S96,UPCOM,Xây dựng và Vật liệu,CT,0,0.014,11.2,11.2,2003.0,30,,-0.22,-0.241,-0.509,Sông Đà 9.06,Construction & Materials,181,2357,http://www.songda906.vn,2312091722
S74,UPCOM,Xây dựng và Vật liệu,CT,448,0.01,6.5,6.5,2009.0,14,,-0.02,-0.041,0.275,Sông Đà 7.04,Construction & Materials,181,2357,http://www.songda704.com.vn,2312091722
SAB,HOSE,Thực phẩm và đồ uống,CT,4201,0.618,1282.6,1282.6,2008.0,8550,2.5,-0.011,-0.033,-0.326,SABECO,Food & Beverage,214,3533,https://www.sabeco.com.vn,2312091722
SAL,UPCOM,Hàng & Dịch vụ Công nghiệp,CT,155,0.0,8.3,8.3,2011.0,177,,-0.02,-0.041,0.337,Trục vớt Cứu hộ Việt Nam,Industrial Goods & Services,188,2753,http://visal.com.vn,2312091722
SAF,HNX,Thực phẩm và đồ uống,CT,326,0.036,12.0,12.0,2005.0,661,2.5,-0.02,-0.058,-0.004,Thực Phẩm SAFOCO,Food & Beverage,218,3577,http://www.safocofood.com,2312091722
SAC,UPCOM,Hàng & Dịch vụ Công nghiệp,CT,469,0.032,4.0,4.1,2010.0,217,,-0.02,-0.03,0.123,Dịch vụ cảng Sài Gòn,Industrial Goods & Services,193,2777,http://www.sasteco.vn,2312091722
SAM,HOSE,Công nghệ Thông tin,CT,23270,0.007,380.0,380.0,1998.0,636,2.2,0.008,0.038,-0.088,SAM Holdings,Technology,314,9578,http://samholdings.com.vn,2312091722
S99,HNX,Xây dựng và Vật liệu,CT,8125,0.003,94.0,94.0,2003.0,699,2.8,0.037,0.093,0.199,Sông Đà 9.09 (SCI),Construction & Materials,181,2357,http://scigroup.vn,2312091722
SAP,UPCOM,Truyền thông,CT,0,0.001,1.3,1.3,2004.0,41,,-0.02,-0.441,0.782,In Sách TP.HCM,Media,256,5557,https://sapco.com.vn,2312091722
SBA,HOSE,"Điện, nước & xăng dầu khí đốt",CT,6162,0.003,60.5,60.5,2007.0,99,3.1,-0.024,0.012,0.227,Sông Ba JSC,Utilities,274,7535,http://www.songba.vn,2312091722
SAV,HOSE,Tài nguyên Cơ bản,CT,0,0.502,21.6,22.0,2001.0,1116,2.8,0.094,0.047,0.358,Savimex,Basic Resources,155,1733,http://www.savimex.com.vn,2312091722
SB1,UPCOM,Thực phẩm và đồ uống,CT,1156,0.007,10.5,10.5,2006.0,260,,-0.02,-0.041,0.05,Bia Sài Gòn - Nghệ Tĩnh,Food & Beverage,214,3533,http://www.vidabeer.vn,2312091722
SBG,HOSE,Hàng & Dịch vụ Công nghiệp,CT,246,0.0,25.0,25.0,2015.0,223,,-0.062,,,Tập Đoàn Cơ Khí Công Nghệ Cao Siba,Industrial Goods & Services,185,2727,https://siba.com.vn,2312091722
SBD,UPCOM,Công nghệ Thông tin,CT,0,0.005,13.5,13.5,2004.0,219,,-0.058,0.147,-0.28,Công nghệ Sao Bắc Đẩu,Technology,310,9537,http://www.saobacdau.vn,2312091722
SBH,UPCOM,"Điện, nước & xăng dầu khí đốt",CT,199,0.0,124.2,124.2,2007.0,112,3.3,0.168,0.199,0.613,Thủy điện Sông Ba Hạ,Utilities,274,7535,https://sbh.vn/,2312091722
SAS,UPCOM,Bán lẻ,CT,1124,0.004,133.5,133.5,2015.0,992,2.6,0.009,-0.076,0.239,DV Hàng không sân bay TSN,Retail,253,5379,https://www.sasco.com.vn,2312091722
SBL,UPCOM,Thực phẩm và đồ uống,CT,205,0.001,12.0,12.0,2006.0,108,,-0.033,-0.053,-0.092,Bia Sài Gòn - Bạc Liêu,Food & Beverage,214,3533,http://www.biasaigonbaclieu.com,2312091722
SBS,UPCOM,Dịch vụ tài chính,CK,28119,0.005,146.6,146.6,2006.0,80,2.6,0.008,0.098,0.316,Chứng khoán Sacombank,Financial Services,300,8777,http://www.sbsc.com.vn,2312091722
SBT,HOSE,Thực phẩm và đồ uống,CT,22506,0.152,740.5,740.5,2007.0,2747,2.6,-0.049,-0.09,0.053,Mía đường Thành Thành Công - Biên Hòa,Food & Beverage,218,3577,http://www.ttcagris.com.vn,2312091722
SBM,UPCOM,Xây dựng và Vật liệu,CT,0,0.0,45.0,45.0,2007.0,107,2.8,-0.02,-0.034,-0.027,Đầu tư PT Bắc Minh,Construction & Materials,181,2357,http://sbm.com.vn,2312091722
SBR,UPCOM,Hóa chất,CT,0,0.0,81.4,81.4,2010.0,1109,2.3,-0.02,0.565,0.182,Cao su Sông Bé,Chemicals,150,1353,http://caosusongbe.vn,2312091722
SC5,HOSE,Xây dựng và Vật liệu,CT,1323,0.031,15.0,15.0,2003.0,282,2.0,-0.02,-0.011,0.077,Xây dựng Số 5,Construction & Materials,181,2357,http://www.sc5.vn,2312091722
SCC,UPCOM,Xây dựng và Vật liệu,CT,530,0.005,4.8,4.9,2002.0,9,,-0.02,0.046,-0.274,Thương mại Đầu tư SHB,Construction & Materials,180,2353,http://www.ximangsongda.vn,2312091722
SBV,HOSE,Bán lẻ,CT,481,0.147,27.3,27.4,2008.0,533,2.7,-0.021,-0.015,-0.158,Siam Brothers Việt Nam,Retail,253,5379,http://www.siambrothersvn.com,2312091722
SCD,HOSE,Thực phẩm và đồ uống,CT,516,0.068,8.5,8.5,2003.0,278,2.1,-0.027,-0.084,-0.194,Giải khát Chương Dương,Food & Beverage,216,3537,https://www.cdbeco.com.vn,2312091722
SCJ,UPCOM,Xây dựng và Vật liệu,CT,0,0.002,57.8,57.8,2003.0,296,2.3,0.03,0.094,0.32,Xi măng Sài Sơn,Construction & Materials,180,2353,http://ximangsaison.com,2312091722
SCG,HNX,Xây dựng và Vật liệu,CT,207,0.0,85.0,85.0,2019.0,482,2.3,-0.006,-0.045,-0.103,Xây dựng SCG,Construction & Materials,181,2357,https://scgr.vn,2312091722
SCI,HNX,Xây dựng và Vật liệu,CT,335,0.009,25.4,25.4,2010.0,466,2.3,0.012,0.026,0.175,SCI E&C,Construction & Materials,181,2357,http://scigroup.vn,2312091722
SCO,UPCOM,Hàng & Dịch vụ Công nghiệp,CT,131,0.0,4.1,4.2,1984.0,41,,-0.02,-0.299,-0.08,Công nghiệp Thủy Sản,Industrial Goods & Services,189,2757,http://www.seameco.com.vn,2312091722
SCS,HOSE,Du lịch và Giải trí,CT,2013,0.286,94.4,94.4,2008.0,541,2.8,-0.016,-0.008,-0.118,DV Hàng hóa Sài Gòn,Travel & Leisure,257,5751,http://www.scsc.vn,2312091722
SCR,HOSE,Bất động sản,CT,41608,0.004,395.7,395.7,2004.0,307,2.3,0.034,0.111,0.224,TTC Land,Real Estate,336,8633,https://ttcland.vn,2312091722
SCL,UPCOM,Xây dựng và Vật liệu,CT,900,0.0,17.3,17.3,2007.0,167,2.6,-0.01,-0.036,0.973,Sông Đà Cao Cường,Construction & Materials,180,2353,http://www.songdacaocuong.vn,2312091722
SCY,UPCOM,Hàng & Dịch vụ Công nghiệp,CT,0,0.0,62.0,62.0,2008.0,870,2.2,-0.1,0.31,1.063,Đóng tàu Sông Cấm,Industrial Goods & Services,188,2753,https://songcam.vn,2312091722
SD5,HNX,Xây dựng và Vật liệu,CT,2404,0.023,26.0,26.0,2004.0,1107,2.5,-0.02,-0.054,0.004,Sông Đà 5,Construction & Materials,181,2357,http://www.songda5.com.vn,2312091722
SD4,UPCOM,Xây dựng và Vật liệu,CT,1182,0.02,10.3,10.3,2007.0,559,,0.018,-0.077,-0.262,Sông Đà 4,Construction & Materials,181,2357,http://www.songda4.vn,2312091722
SD6,HNX,Xây dựng và Vật liệu,CT,2479,0.014,34.8,34.8,2005.0,415,2.3,-0.02,-0.041,0.045,Sông Đà 6,Construction & Materials,181,2357,http://www.songda6.com.vn,2312091722
SD7,UPCOM,Xây dựng và Vật liệu,CT,0,0.005,10.6,10.6,2004.0,18,,0.061,-0.088,-0.105,Sông Đà 7,Construction & Materials,181,2357,http://www.songda7.com.vn,2312091722
SD2,UPCOM,Xây dựng và Vật liệu,CT,0,0.06,14.4,14.4,2006.0,189,,0.093,0.024,-0.326,Sông Đà 2,Construction & Materials,181,2357,http://www.songda2.com.vn,2312091722
SD1,UPCOM,Xây dựng và Vật liệu,CT,0,0.0,7.8,5.0,2007.0,1,,0.123,0.102,-0.413,Sông Đà 1,Construction & Materials,181,2357,http://www.songda1.com.vn,2312091722
SD3,UPCOM,Xây dựng và Vật liệu,CT,0,0.001,16.0,16.0,2005.0,107,,0.001,0.003,0.374,Sông Đà 3,Construction & Materials,181,2357,http://www.songda3.vn,2312091722
SD9,HNX,Xây dựng và Vật liệu,CT,5983,0.023,34.2,34.2,2005.0,418,2.3,-0.032,-0.041,0.166,Sông Đà 9,Construction & Materials,181,2357,http://www.songda9.com,2312091722
SDA,HNX,Hàng & Dịch vụ Công nghiệp,CT,2775,0.001,26.2,26.2,2003.0,59,2.9,0.015,0.033,-0.252,XKLĐ Sông Đà,Industrial Goods & Services,196,2793,http://www.simco.vn,2312091722
SDB,UPCOM,Xây dựng và Vật liệu,CT,0,0.002,11.0,11.0,2002.0,120,,-0.187,-0.208,-0.58,Sông Đà 207,Construction & Materials,181,2357,http://www.songda207.vn,2312091722
SD8,UPCOM,Xây dựng và Vật liệu,CT,0,0.11,2.8,2.8,1996.0,909,,-0.083,-0.103,-0.247,Sông Đà 8,Construction & Materials,181,2357,http://www.songda8.com.vn,2312091722
SDG,HNX,Hàng & Dịch vụ Công nghiệp,CT,144,0.003,10.1,10.1,1988.0,855,2.0,0.079,-0.397,-0.018,Sadico Cần Thơ,Industrial Goods & Services,184,2723,http://www.sadico.com.vn,2312091722
SDD,UPCOM,Xây dựng và Vật liệu,CT,6666,0.003,16.0,16.0,2004.0,15,,0.032,-0.041,-0.28,Xây lắp Sông Đà,Construction & Materials,181,2357,http://songdaic.vn,2312091722
SDJ,UPCOM,Xây dựng và Vật liệu,CT,422,0.003,4.3,4.3,2006.0,109,,-0.02,-0.041,-0.219,Sông Đà 25,Construction & Materials,180,2353,http://www.songda25.com/default.aspx,2312091722
SDN,HNX,Xây dựng và Vật liệu,CT,295,0.227,3.0,3.0,2000.0,196,,-0.02,-0.146,0.222,Sơn Đồng Nai,Construction & Materials,180,2353,http://www.dongnaipaint.com.vn,2312091722
SDK,UPCOM,Hàng & Dịch vụ Công nghiệp,CT,167,0.02,2.6,2.6,2006.0,203,,0.054,-0.005,0.636,Cơ khí Luyện Kim,Industrial Goods & Services,189,2757,http://www.sadakim.vn,2312091722
SDC,HNX,Hàng & Dịch vụ Công nghiệp,CT,575,0.033,2.6,2.6,2005.0,153,,-0.02,0.122,0.119,Tư vấn Sông Đà,Industrial Goods & Services,195,2791,http://www.sdcc.com.vn,2312091722
SDP,UPCOM,Xây dựng và Vật liệu,CT,0,0.001,11.1,11.1,2005.0,15,,0.091,0.07,-0.366,Công ty Cổ phần SDP,Construction & Materials,180,2353,http://www.sdp.com.vn,2312091722
SDT,HNX,Xây dựng và Vật liệu,CT,1618,0.011,42.7,42.7,2005.0,664,2.1,-0.044,-0.109,0.059,Sông Đà 10,Construction & Materials,181,2357,http://www.songda10.com.vn,2312091722
SDX,UPCOM,Xây dựng và Vật liệu,CT,0,0.0,2.5,2.3,2001.0,0,,-0.02,-0.041,-0.648,PCCC và Đầu tư XD Sông Đà,Construction & Materials,181,2357,http://www.pcccsongda.vn,2312091722
SDU,HNX,Xây dựng và Vật liệu,CT,322,0.001,20.0,20.0,2007.0,48,2.1,-0.208,-0.229,0.039,Đô thị Sông Đà,Construction & Materials,181,2357,http://www.dothisongda.com.vn,2312091722
SED,HNX,Truyền thông,CT,601,0.076,9.3,10.0,2007.0,103,,-0.004,-0.036,0.144,Phát triển GD Phương Nam,Media,256,5557,https://phuongnam.edu.vn,2312091722
SDY,UPCOM,Xây dựng và Vật liệu,CT,391,0.003,4.5,4.5,2003.0,65,,-0.097,-0.409,-0.693,Xi măng Sông Đà Yaly,Construction & Materials,180,2353,http://www.songdayaly.vn,2312091722
SEA,UPCOM,Thực phẩm và đồ uống,CT,598,0.0,125.0,125.0,2011.0,76,2.3,-0.007,-0.013,0.159,SEAPRODEX,Food & Beverage,217,3573,https://seaprodex.vn,2312091722
SEB,HNX,"Điện, nước & xăng dầu khí đốt",CT,0,0.001,32.0,32.0,2003.0,85,3.0,-0.013,0.038,-0.179,Điện miền Trung,Utilities,274,7535,http://mientrungpid.com.vn,2312091722
SEP,UPCOM,Hóa chất,CT,0,0.0,8.4,8.4,2007.0,550,,-0.02,0.066,1.509,Thương mại Quảng Trị,Chemicals,150,1353,http://www.sepon.com.vn,2312091722
SDV,UPCOM,Hàng & Dịch vụ Công nghiệp,CT,258,0.001,5.0,5.0,2007.0,492,,-0.02,-0.041,-0.076,Dịch vụ Sonadezi,Industrial Goods & Services,199,2799,http://news.sonadezi-sdv.com.vn,2312091722
SFG,HOSE,Hóa chất,CT,765,0.007,47.9,47.9,1976.0,550,2.6,-0.019,-0.063,-0.115,Phân bón Miền Nam,Chemicals,151,1357,https://phanbonmiennam.com.vn,2312091722
SFC,HOSE,"Điện, nước & xăng dầu khí đốt",CT,0,0.008,11.2,11.3,2000.0,177,3.2,-0.087,-0.051,0.028,Nhiên liệu Sài Gòn,Utilities,275,7573,http://www.sfc.com.vn,2312091722
SFI,HOSE,Hàng & Dịch vụ Công nghiệp,CT,1293,0.096,22.1,23.8,1998.0,376,3.2,0.011,-0.052,0.037,Vận tải SAFI,Industrial Goods & Services,191,2773,http://www.safi.com.vn,2312091722
SFN,HNX,Hàng & Dịch vụ Công nghiệp,CT,351,0.009,2.9,3.0,2006.0,326,,-0.02,-0.316,-0.252,Dệt lưới Sài Gòn,Industrial Goods & Services,198,2797,http://www.sfn.vn,2312091722
SGB,UPCOM,Ngân hàng,NH,3134,0.149,308.0,308.0,1993.0,1399,2.3,-0.02,-0.064,-0.031,Sài Gòn Công thương,Banks,289,8355,https://www.saigonbank.com.vn,2312091722
SGH,HNX,Du lịch và Giải trí,CT,237,0.003,12.4,12.4,1997.0,58,2.4,-0.02,0.031,-0.029,Khách sạn Sài Gòn,Travel & Leisure,259,5753,https://saigonhotel.com.vn,2312091722
KLF,HNX,Du lịch và Giải trí,CT,11248,0.005,165.4,165.4,2009.0,54,2.5,-0.02,-0.041,-0.08,KLF Global,Travel & Leisure,260,5755,https://cfscorp.vn,2312091722
KIP,UPCOM,Hàng & Dịch vụ Công nghiệp,CT,148,0.0,9.8,9.8,2004.0,326,,-0.04,0.023,0.125,K.I.P Việt Nam,Industrial Goods & Services,187,2737,https://kipvietnam.vn,2312091722
KHS,HNX,Thực phẩm và đồ uống,CT,154,0.002,12.1,12.1,2009.0,587,,-0.02,0.02,-0.366,Thủy sản Kiên Hùng,Food & Beverage,217,3573,http://www.kihuseavn.com,2312091722
KLB,UPCOM,Ngân hàng,NH,1940,0.0,361.5,365.3,1995.0,3603,2.6,-0.011,-0.041,-0.404,KienlongBank,Banks,289,8355,https://kienlongbank.com,2312091722
KHW,UPCOM,"Điện, nước & xăng dầu khí đốt",CT,330,0.0,28.6,28.6,2010.0,327,2.6,-0.055,0.183,0.337,Cấp thoát nước Khánh Hòa,Utilities,277,7577,http://ctnkh.com.vn,2312091722
KKC,HNX,Tài nguyên Cơ bản,CT,0,0.044,5.2,5.2,2001.0,24,,0.012,-0.041,-0.268,Tập đoàn Thành Thái,Basic Resources,159,1757,https://thanhthaigroup.com.vn,2312091722
KMR,HOSE,Hàng cá nhân & Gia dụng,CT,0,0.627,56.9,56.9,2007.0,236,2.6,-0.026,-0.055,0.07,MIRAE,Personal & Household Goods,226,3763,http://miraejsc.com,2312091722
KLM,UPCOM,Tài nguyên Cơ bản,CT,92,0.0,3.9,3.9,2008.0,56,,-0.02,-0.041,0.506,Kim loại màu Nghệ Tĩnh,Basic Resources,158,1755,http://congtykimloaimaunghetinh.com,2312091722
KOS,HOSE,Bất động sản,CT,0,0.005,216.5,216.5,2008.0,105,2.0,-0.01,0.017,-0.015,Công ty KOSY,Real Estate,336,8633,https://kosy.vn,2312091722
KSD,HNX,Hàng cá nhân & Gia dụng,CT,523,0.253,12.0,12.0,2003.0,90,,-0.142,-0.258,-0.437,Đầu tư DNA,Personal & Household Goods,219,3722,http://www.hangermetal.com,2312091722
KMT,HNX,Tài nguyên Cơ bản,CT,308,0.0,9.8,9.8,1994.0,86,,-0.056,-0.077,-0.012,Kim khí Miền Trung,Basic Resources,159,1757,http://www.cevimetal.com.vn,2312091722
KSQ,HNX,Tài nguyên Cơ bản,CT,1331,0.006,30.0,30.0,2006.0,9,,-0.02,-0.041,-0.08,CNC Capital Việt Nam,Basic Resources,166,1775,http://www.cnccapital.com.vn,2312091722
KSB,HOSE,Tài nguyên Cơ bản,CT,11193,0.032,76.3,76.6,1993.0,304,2.3,0.027,0.094,0.641,Khoáng sản Bình Dương,Basic Resources,166,1775,http://bimico.com.vn,2312091722
KSH,UPCOM,Tài nguyên Cơ bản,CT,4331,0.002,57.5,57.5,2000.0,6,,-0.02,-0.041,-0.413,Damac GLS,Basic Resources,166,1775,http://damac.com.vn,2312091722
KPF,HOSE,Xây dựng và Vật liệu,CT,846,0.007,60.9,60.9,2009.0,7,2.4,0.0,0.028,-0.599,Đầu tư Tài sản KOJI,Construction & Materials,180,2353,https://kpf.com.vn,2312091722
KSF,HNX,Bất động sản,CT,421,0.0,300.0,300.0,2015.0,233,2.5,0.0,-0.019,-0.491,Tập đoàn Real Tech,Real Estate,336,8633,https://ksf.vn,2312091722
KSS,UPCOM,Tài nguyên Cơ bản,CT,0,0.013,49.4,0.0,2004.0,20,,,,,Na Rì Hamico,Basic Resources,166,1775,http://www.narihamico.vn,2312091722
KSV,HNX,Tài nguyên Cơ bản,CT,1093,0.0,200.0,200.0,2010.0,5091,2.2,-0.03,-0.104,0.28,Khoáng sản TKV,Basic Resources,166,1775,https://vimico.vn,2312091722
KVC,UPCOM,Tài nguyên Cơ bản,CT,4822,0.012,49.5,49.5,2008.0,16,,-0.02,0.007,0.02,XNK Inox Kim Vĩ,Basic Resources,159,1757,http://kimvico.com.vn,2312091722
KTT,HNX,Xây dựng và Vật liệu,CT,276,0.007,3.0,3.0,2003.0,12,,-0.054,-0.188,-0.571,Tập đoàn Đầu tư KTT,Construction & Materials,181,2357,https://kttgroup.vn,2312091722
KST,HNX,Công nghệ Thông tin,CT,0,0.005,6.0,6.0,2009.0,84,,-0.085,-0.083,-0.083,KASATI,Technology,314,9578,http://www.kasati.com.vn,2312091722
KTL,UPCOM,Tài nguyên Cơ bản,CT,0,0.001,19.2,6.5,1969.0,1460,2.1,-0.02,-0.159,-0.544,Kim khí Thăng Long,Basic Resources,159,1757,http://tlmw.com.vn,2312091722
KTC,UPCOM,Thực phẩm và đồ uống,CT,284,0.0,36.5,36.5,2010.0,578,2.4,-0.02,-0.041,0.451,Thương mại Kiên Giang,Food & Beverage,218,3577,http://www.ktcvn.com.vn,2312091722
KTS,HNX,Thực phẩm và đồ uống,CT,317,0.001,5.1,5.1,1995.0,317,,0.193,0.243,2.495,Đường Kon Tum,Food & Beverage,218,3577,http://www.ktsduongkontum.vn,2312091722
L10,HOSE,Hàng & Dịch vụ Công nghiệp,CT,1498,0.01,9.8,9.9,2006.0,1528,2.8,-0.053,-0.039,-0.16,LILAMA 10,Industrial Goods & Services,189,2757,http://www.lilama10.com.vn,2312091722
L35,UPCOM,Hàng & Dịch vụ Công nghiệp,CT,447,0.0,3.3,3.3,2007.0,162,,0.175,-0.076,0.17,Cơ khí Lilama,Industrial Goods & Services,189,2757,http://www.lilamaemc.com.vn,2312091722
L40,HNX,Xây dựng và Vật liệu,CT,114,0.001,3.6,3.6,2001.0,49,,-0.02,-0.041,-0.175,Đầu tư và Xây dựng 40,Construction & Materials,181,2357,https://l40.vn,2312091722
L14,HNX,Xây dựng và Vật liệu,CT,407,0.002,30.9,30.9,1982.0,65,2.8,0.061,0.179,-0.299,Licogi 14,Construction & Materials,181,2357,http://www.licogi14.vn,2312091722
L12,UPCOM,Xây dựng và Vật liệu,CT,0,0.001,6.7,7.0,2005.0,225,,0.001,-0.041,-0.101,LICOGI 12,Construction & Materials,181,2357,https://www.licogi12.com,2312091722
L18,HNX,Xây dựng và Vật liệu,CT,3503,0.0,38.1,38.1,2006.0,586,2.5,-0.001,0.148,0.788,LICOGI - 18,Construction & Materials,181,2357,http://www.licogi18.com.vn,2312091722
L43,HNX,Hàng & Dịch vụ Công nghiệp,CT,323,0.01,3.5,3.5,2006.0,54,,0.057,-0.233,-0.48,LILAMA 45.3,Industrial Goods & Services,189,2757,https://lilama45-3.com,2312091722
L44,UPCOM,Hàng & Dịch vụ Công nghiệp,CT,410,0.011,4.0,4.0,1979.0,19,,-0.02,0.159,-0.33,LILAMA 45.4,Industrial Goods & Services,189,2757,http://www.lilama454.com.vn,2312091722
L62,HNX,Hàng & Dịch vụ Công nghiệp,CT,0,0.0,8.3,8.3,2004.0,124,,-0.051,-0.041,-0.28,LILAMA 69.2,Industrial Goods & Services,189,2757,http://lilama69-2.com.vn,2312091722
L61,HNX,Hàng & Dịch vụ Công nghiệp,CT,775,0.048,7.6,7.6,2006.0,967,,-0.118,-0.102,-0.228,LILAMA 69-1,Industrial Goods & Services,189,2757,http://www.lilama69-1.com.vn,2312091722
L45,UPCOM,Xây dựng và Vật liệu,CT,369,0.001,4.8,4.8,2007.0,80,,-0.081,-0.129,-0.141,Lilama 45.1,Construction & Materials,181,2357,http://www.lilama45-1.com,2312091722
L63,UPCOM,Hàng & Dịch vụ Công nghiệp,CT,0,0.0,8.3,8.3,1993.0,1187,,-0.02,-0.041,-0.43,Lilama 69-3,Industrial Goods & Services,189,2757,http://www.lilama69-3.vn,2312091722
LAF,HOSE,Thực phẩm và đồ uống,CT,0,0.019,14.7,14.7,1995.0,183,2.8,0.022,0.039,-0.082,Chế biến Hàng XK Long An,Food & Beverage,218,3577,http://www.lafooco.vn,2312091722
LAW,UPCOM,"Điện, nước & xăng dầu khí đốt",CT,129,0.0,12.2,12.2,2007.0,142,,-0.02,-0.041,-0.179,Cấp thoát nước Long An,Utilities,277,7577,http://www.lawaco.com.vn,2312091722
LAS,HNX,Hóa chất,CT,9417,0.004,112.9,112.9,2009.0,1868,2.8,0.039,0.085,0.724,Hóa chất Lâm Thao,Chemicals,151,1357,https://supelamthao.vn,2312091722
LAI,UPCOM,Xây dựng và Vật liệu,CT,113,0.0,8.6,8.6,2006.0,47,2.5,-0.032,-0.031,-0.372,XD Long An IDICO,Construction & Materials,181,2357,http://www.idico-linco.com.vn,2312091722
LBE,HNX,Truyền thông,CT,118,0.005,2.0,2.0,2004.0,30,,0.183,-0.009,-0.351,Sách và Thiết bị Trường học Long An,Media,256,5557,http://www.sachthietbila.com.vn,2312091722
LCG,HOSE,Xây dựng và Vật liệu,CT,31854,0.021,189.6,191.6,2001.0,391,2.4,0.013,0.052,0.961,LIZEN,Construction & Materials,181,2357,https://lizen.vn,2312091722
LCD,HNX,Xây dựng và Vật liệu,CT,129,0.0,1.5,1.5,2004.0,113,,-0.02,-0.041,-0.08,Thí nghiệm cơ điện,Construction & Materials,181,2357,http://emetc.vn,2312091722
LCS,UPCOM,Xây dựng và Vật liệu,CT,339,0.002,7.6,7.6,2007.0,7,,-0.02,0.209,-0.626,Licogi 16.6,Construction & Materials,181,2357,http://licogi166.vn,2312091722
LCM,UPCOM,Tài nguyên Cơ bản,CT,2233,0.041,24.6,24.6,2002.0,20,,-0.02,-0.079,-0.08,Khoáng sản Lào Cai,Basic Resources,166,1775,http://www.khoangsanlaocai.com.vn,2312091722
LBM,HOSE,Xây dựng và Vật liệu,CT,885,0.192,20.0,20.0,2003.0,790,3.2,0.003,-0.024,0.119,Khoáng sản Lâm Đồng,Construction & Materials,180,2353,http://lbm-vn.vn,2312091722
LBC,UPCOM,Bán lẻ,CT,173,0.0,1.5,1.5,2003.0,167,,-0.02,-0.041,0.138,Thương mại - Đầu tư Long Biên,Retail,250,5373,http://www.haprolongbien.vn,2312091722
LCC,UPCOM,Xây dựng và Vật liệu,CT,193,0.0,5.8,5.8,1959.0,114,,-0.02,-0.041,-0.35,Xi măng Hồng Phong,Construction & Materials,180,2353,http://www.ximanglangson.com.vn,2312091722
LDG,HOSE,Bất động sản,CT,309,0.006,256.2,257.0,2010.0,130,2.5,-0.142,-0.18,-0.417,Đầu tư LDG,Real Estate,339,8637,https://www.ldginvestment.vn,2312091722
LDP,HNX,Y tế,CT,339,0.002,12.7,12.7,1982.0,249,2.5,-0.007,-0.073,1.598,Dược Lâm Đồng - Ladophar,Health Care,238,4577,https://ladophar.com,2312091722
LDW,UPCOM,"Điện, nước & xăng dầu khí đốt",CT,417,0.0,78.8,78.8,2005.0,368,2.5,-0.02,-0.041,-0.08,Cấp thoát nước Lâm Đồng,Utilities,277,7577,https://lawaco.com,2312091722
LGM,UPCOM,Hàng cá nhân & Gia dụng,CT,437,0.002,7.4,7.4,2006.0,481,,0.238,0.332,0.696,Giày da và may mặc XK (Legamex),Personal & Household Goods,226,3763,https://legamex.vn,2312091722
LEC,HOSE,Bất động sản,CT,26286,0.0,26.1,26.1,2007.0,87,2.1,-0.003,-0.042,-0.236,BĐS Điện lực Miền Trung,Real Estate,336,8633,http://lec.com.vn,2312091722
LGL,HOSE,Bất động sản,CT,1394,0.017,51.5,51.5,2001.0,42,2.8,0.01,0.021,0.22,Long Giang Land,Real Estate,336,8633,http://www.longgiangland.com.vn,2312091722
LGC,HOSE,Xây dựng và Vật liệu,CT,256,0.45,192.9,192.9,2000.0,100,2.5,0.037,0.079,0.227,Đầu tư Cầu đường CII,Construction & Materials,181,2357,http://www.ciibr.com.vn,2312091722
LG9,UPCOM,Xây dựng và Vật liệu,CT,240,0.0,5.0,5.0,2010.0,68,,-0.195,-0.441,-0.11,Cơ giới và XL số 9 (Licogi 9),Construction & Materials,181,2357,http://www.licogi9.com.vn,2312091722
LHC,HNX,Xây dựng và Vật liệu,CT,448,0.186,14.4,14.4,1976.0,889,3.0,-0.026,-0.019,-0.036,XD Thủy lợi Lâm Đồng,Construction & Materials,181,2357,http://www.lhc.com.vn,2312091722
LHG,HOSE,Bất động sản,CT,0,0.203,50.0,50.0,2006.0,138,3.2,-0.02,0.006,0.501,KCN Long Hậu,Real Estate,336,8633,https://longhau.com.vn,2312091722
LIC,UPCOM,Xây dựng và Vật liệu,CT,319,0.0,90.0,90.0,2010.0,125,1.8,0.0,-0.178,-0.381,LICOGI,Construction & Materials,181,2357,https://licogi.vn,2312091722
LIG,HNX,Xây dựng và Vật liệu,CT,0,0.0,94.2,95.1,2005.0,121,2.4,0.08,0.117,0.142,Licogi 13,Construction & Materials,181,2357,http://www.licogi13.com.vn,2312091722
LIX,HOSE,Hàng cá nhân & Gia dụng,CT,174,0.067,32.4,32.4,1993.0,1100,3.0,-0.015,0.016,0.274,Bột Giặt Lix,Personal & Household Goods,228,3767,http://www.lixco.com,2312091722
LM7,UPCOM,Hàng & Dịch vụ Công nghiệp,CT,431,0.003,5.0,5.0,2007.0,207,,-0.02,-0.001,-0.08,LILAMA 7,Industrial Goods & Services,189,2757,https://lilama7.com.vn,2312091722
LKW,UPCOM,"Điện, nước & xăng dầu khí đốt",CT,201,0.034,2.5,2.5,2004.0,65,,-0.02,-0.073,-0.203,Cấp nước Long Khánh,Utilities,277,7577,http://www.capnuoclongkhanh.com.vn,2312091722
LM3,UPCOM,Xây dựng và Vật liệu,CT,0,0.007,5.2,5.2,2006.0,83,,-0.02,0.079,-0.343,Lilama 3,Construction & Materials,181,2357,http://lilama3.vn,2312091722
LLM,UPCOM,Hàng & Dịch vụ Công nghiệp,CT,0,0.0,79.7,79.7,2010.0,1208,1.9,0.039,0.006,-0.112,LILAMA,Industrial Goods & Services,189,2757,https://lilama.com.vn,2312091722
LM8,HOSE,Xây dựng và Vật liệu,CT,1127,0.018,9.4,9.4,1977.0,2935,,-0.02,0.059,0.428,LILAMA 18,Construction & Materials,181,2357,http://www.lilama18.com.vn,2312091722
LMI,UPCOM,Hàng & Dịch vụ Công nghiệp,CT,155,0.012,5.5,5.5,2008.0,427,,0.142,-0.029,0.067,Lắp máy IDICO,Industrial Goods & Services,189,2757,http://www.lamaidico.com.vn,2312091722
LMC,UPCOM,Tài nguyên Cơ bản,CT,131,0.0,1.5,1.5,2012.0,7,,-0.02,0.097,1.42,Khoáng sản LATCA,Basic Resources,166,1775,http://longbeachlmc.vn,2312091722
LMH,UPCOM,Bất động sản,CT,0,0.001,25.6,25.6,2012.0,7,,-0.02,-0.041,-0.58,Quoc te Holding,Real Estate,336,8633,https://quocteholding.vn/vi/home,2312091722
LQN,UPCOM,Hàng & Dịch vụ Công nghiệp,CT,255,0.0,1.9,1.9,2005.0,54,,-0.157,-0.337,-0.869,Licogi Quảng Ngãi,Industrial Goods & Services,189,2757,http://www.licogiqngai.com,2312091722
LO5,UPCOM,Hàng & Dịch vụ Công nghiệp,CT,992,0.008,5.1,5.1,2006.0,163,,-0.02,-0.041,-0.171,LILAMA 5,Industrial Goods & Services,189,2757,http://www.lilama5.com.vn,2312091722
LPB,HOSE,Ngân hàng,NH,59906,0.031,2557.6,2057.6,2008.0,11975,2.7,0.048,0.014,0.558,LienVietPostBank,Banks,289,8355,https://lienvietpostbank.com.vn,2312091722
LPT,UPCOM,Hàng & Dịch vụ Công nghiệp,CT,1033,0.0,12.0,12.0,2008.0,139,,-0.02,-0.056,-0.352,TM và SX Lập Phương Thành,Industrial Goods & Services,196,2793,http://lapphuongthanh.vn,2312091722
LNC,UPCOM,Hóa chất,CT,547,0.0,8.2,8.2,2010.0,422,,-0.02,-0.041,-0.08,Lệ Ninh - Quảng Bình,Chemicals,150,1353,http://www.leninh.vn,2312091722
LSG,UPCOM,Bất động sản,CT,33053,0.0,90.0,90.0,2007.0,27,2.4,0.066,-0.192,0.427,BĐS Sài Gòn Vina,Real Estate,336,8633,http://www.landsaigon.vn,2312091722
M10,UPCOM,Hàng cá nhân & Gia dụng,CT,1223,0.0,31.8,31.8,2004.0,7347,2.9,-0.026,-0.03,0.003,May10,Personal & Household Goods,226,3763,http://www.garco10.com.vn,2312091722
LTG,UPCOM,Hóa chất,CT,5126,0.421,100.7,80.6,,3206,2.1,0.013,0.01,0.162,Tập đoàn Lộc Trời (BVTV An Giang),Chemicals,151,1357,https://loctroi.vn,2312091722
LSS,HOSE,Thực phẩm và đồ uống,CT,8120,0.009,74.5,74.5,2000.0,1296,2.5,-0.033,-0.014,0.837,Mía đường Lam Sơn,Food & Beverage,218,3577,http://www.lasuco.com.vn,2312091722
LTC,UPCOM,Công nghệ Thông tin,CT,0,0.022,4.6,4.6,2000.0,10,,0.091,0.07,2.253,Điện nhẹ Viễn thông,Technology,311,9572,http://www.ltc.com.vn,2312091722
MA1,UPCOM,Bất động sản,CT,0,0.0,5.3,5.3,2005.0,45,,-0.02,-0.041,-0.038,MACHINCO1,Real Estate,336,8633,http://www.machinco1.com.vn,2312091722
LUT,UPCOM,Xây dựng và Vật liệu,CT,0,0.003,15.0,15.0,2003.0,11,,0.123,0.559,-0.139,Đầu tư Xây dựng Lương Tài,Construction & Materials,181,2357,http://www.luongtaigroup.com,2312091722
MAC,HNX,Hàng & Dịch vụ Công nghiệp,CT,0,0.003,15.1,15.1,1984.0,126,,0.441,0.408,1.007,Cung ứng và Dịch vụ Kỹ thuật Hàng Hải,Industrial Goods & Services,188,2753,http://www.maserco.com.vn,2312091722
MAS,HNX,Du lịch và Giải trí,CT,562,0.15,4.3,4.3,1991.0,355,,-0.04,-0.076,-0.241,Sân bay Đà Nẵng,Travel & Leisure,262,5759,http://www.masco.com.vn,2312091722
MBB,HOSE,Ngân hàng,NH,126621,0.232,5214.1,5214.1,1994.0,16085,3.2,0.002,-0.018,0.16,MBBank,Banks,289,8355,https://www.mbbank.com.vn,2312091722
MBS,HNX,Dịch vụ tài chính,CK,16050,0.005,437.6,437.7,2000.0,649,3.0,-0.006,0.136,0.866,Chứng khoán MB,Financial Services,300,8777,http://mbs.com.vn,2312091722
MBG,HNX,Xây dựng và Vật liệu,CT,9038,0.003,120.2,120.2,2009.0,45,2.8,0.029,0.062,-0.08,Tập đoàn MBG,Construction & Materials,180,2353,http://mbg.vn,2312091722
MBN,UPCOM,Hàng & Dịch vụ Công nghiệp,CT,0,0.0,5.8,5.8,2006.0,693,,-0.02,-0.041,-0.08,Môi trường và Công trình ĐT Bắc Ninh,Industrial Goods & Services,199,2799,https://moitruongdothibacninh.com.vn,2312091722
MCF,HNX,Thực phẩm và đồ uống,CT,0,0.015,10.8,10.8,2004.0,338,,-0.054,0.008,0.164,Cơ khí và Lương thực Thực phẩm,Food & Beverage,218,3577,http://mecofood.com.vn,2312091722
MCG,UPCOM,Xây dựng và Vật liệu,CT,4853,0.001,52.1,57.5,2009.0,46,1.9,-0.066,-0.166,-0.446,Năng lượng và Bất động sản MCG,Construction & Materials,181,2357,http://www.mecojsc.vn,2312091722
MCC,HNX,Xây dựng và Vật liệu,CT,0,0.001,5.0,5.0,2000.0,69,,-0.02,-0.041,0.031,Gạch ngói cao cấp,Construction & Materials,180,2353,http://www.gachngoicaocap.com,2312091722
MCH,UPCOM,Thực phẩm và đồ uống,CT,833,0.022,716.5,727.5,2000.0,5597,3.2,0.012,0.117,0.136,Hàng Tiêu Dùng MaSan,Food & Beverage,218,3577,http://www.masanconsumer.com,2312091722
MCM,UPCOM,Thực phẩm và đồ uống,CT,1830,0.011,110.0,110.0,2015.0,797,2.7,-0.015,-0.019,-0.035,Giống bò sữa Mộc Châu,Food & Beverage,218,3577,https://www.mcmilk.com.vn,2312091722
MCO,HNX,Xây dựng và Vật liệu,CT,864,0.019,4.1,4.1,2003.0,6,,0.088,0.376,0.298,BDC Việt Nam,Construction & Materials,181,2357,http://www.mcovietnam.com.vn,2312091722
MDA,UPCOM,Hàng & Dịch vụ Công nghiệp,CT,166,0.0,1.2,1.2,2017.0,429,,-0.02,-0.041,-0.08,Môi trường Đô thị Đông Anh,Industrial Goods & Services,199,2799,http://www.moitruongdonganh.vn,2312091722
MCP,HOSE,Hàng & Dịch vụ Công nghiệp,CT,991,0.002,15.1,15.1,1998.0,285,2.3,-0.043,-0.035,1.064,In và Bao bì Mỹ Châu,Industrial Goods & Services,184,2723,http://www.mychau.com.vn,2312091722
MDF,UPCOM,Tài nguyên Cơ bản,CT,215,0.0,55.1,55.1,2011.0,394,2.3,-0.081,0.016,-0.242,Gỗ MDF VRG - Quảng Trị,Basic Resources,155,1733,http://mdfquangtri.vn,2312091722
MDC,HNX,Tài nguyên Cơ bản,CT,2020,0.182,21.4,21.4,2008.0,3466,2.9,0.047,0.016,0.727,Than Mông Dương,Basic Resources,160,1771,http://mongduongcoal.vn,2312091722
MDG,HOSE,Xây dựng và Vật liệu,CT,0,0.0,10.3,10.9,1986.0,77,,0.004,-0.166,-0.036,Xây dựng Miền Đông,Construction & Materials,180,2353,http://miendong.com.vn,2312091722
MEC,UPCOM,Xây dựng và Vật liệu,CT,0,0.004,8.4,8.4,2005.0,183,,-0.02,0.098,0.265,Lắp máy Sông Đà,Construction & Materials,181,2357,http://www.someco.com.vn,2312091722
MEF,UPCOM,Y tế,CT,0,0.063,4.1,3.9,1975.0,488,,-0.02,0.323,0.795,MEINFA,Health Care,236,4537,http://www.meinfavn.com,2312091722
MEL,HNX,Tài nguyên Cơ bản,CT,108,0.0,15.0,15.0,2003.0,85,,0.012,-0.009,-0.38,Thép Mê Lin,Basic Resources,159,1757,http://melinsteel.vn,2312091722
